x1,x2,x3,x4,x5,x6,y
0.46634594026535886,-0.02752552957169975,-0.48512075876323235,-1.0,1.0,1.0,3.184344126611579
-0.9446387483835408,-0.898475107377407,-1.0,-1.0,-0.8084287362399685,-0.29515073693152205,-2.668411466695187
0.08183831556730167,-0.3400894593326923,-1.0,-0.6022268155644693,0.4748436470420385,-0.5038781383130231,-0.5800804974763167
1.0,0.3940779961864087,0.29114945454483077,0.07787127541056482,0.5325282488715968,0.40106177511617985,-1.6704257614053502
-1.0,-1.0,-0.40838250355678696,-1.0,0.07673438960269174,0.18136078781744996,-4.085637212071808
0.8482475382501882,0.6019090804461873,1.0,1.0,-0.929538560648476,0.08061696416110459,2.5441571112937793
-0.6279710760039454,-0.19348438398037549,-0.35498243247972994,0.7656428855297162,-0.18087136415956845,-0.5989451881035852,0.7777062237143821
-0.5614262456958363,0.6130625985728795,-0.35716612881536114,-0.2540340001495579,0.5312519262566561,1.0,6.288126173795515
-0.6815738616820022,-0.9556181174333995,-0.8922542748481851,-0.7194647425970582,-0.5943200191085456,0.0406635030814671,-2.7367230548830377
0.3073468440532925,0.2542350194469821,-0.47568358473772665,0.8925565192831735,1.0,0.8045445919603962,2.154874487302255
-0.15319180533641918,0.73095184540923,-1.0,0.9226146725149219,0.3998798864561851,-0.048487721898122005,-0.6060997319436778
-1.0,-0.21255236697153235,-1.0,-0.953003258388887,1.0,1.0,7.003613594207633
1.0,0.4929587839363937,0.7845715741240689,1.0,-1.0,-0.9584860636352158,8.397996197857779
-0.9010946710885437,-0.2041927383321298,-1.0,-1.0,-1.0,-1.0,2.109027345625408
0.3251209149683828,0.36045390706176095,0.2505182993641943,-0.4633790405949071,-1.0,0.3316211234077541,0.2379584368929819
-0.43034568113061633,-1.0,-1.0,-0.8222789917738971,-0.14587735006722957,0.10595192043935475,-3.503240346880232
-0.34071358565042664,-0.4761876699379187,1.0,-0.6693646867349701,-0.6620113566573642,-0.2635512251969727,0.5394378013057275
0.3537220828627641,-0.325583999552856,-0.28048919384618504,-0.34972953233960097,1.0,1.0,2.2444631334832676
-0.33499614631540475,-1.0,-0.9493523390549634,-0.8399581493439356,1.0,1.0,0.8727075992462874
-0.3416384415012935,0.49280522018784034,0.311100084656627,-1.0,1.0,1.0,7.191431953231601
0.5698340608451378,-1.0,-0.5281721227501955,0.5221802579928169,0.37657553877719485,0.21288297579042204,-2.2822438673306236
-0.4042075139347323,-1.0,-0.07352011616012888,-1.0,-0.08243749838563263,-1.0,5.361693977044722
-0.27124896309841773,1.0,0.3875004165985043,1.0,1.0,0.07445260332131176,-1.1419465778133853
-0.3619427022485877,-0.27909463397774625,-0.635283004058983,-1.0,0.08290292842160707,-1.0,3.2308901456778374
0.05238401376660695,-1.0,-0.2568640714771856,0.8482314914482237,0.2961835536894385,0.3800655267500873,0.18400961973504493
-0.5320405753407225,-1.0,0.08190136614581611,0.22652459404845288,1.0,1.0,4.121719002806175
1.0,-0.04319798599361652,0.22490321494257848,-0.23906961965144105,0.5671617421265375,0.8883635229316644,-0.5502780229900468
0.05883235650544147,0.5449085894179032,-0.17982735244570452,0.06308946584721803,0.09987368936516072,-0.020975339999132148,0.27723435575350525
0.6224573819240635,0.26951238556327806,-0.3327668340729276,-0.14487248580492917,1.0,0.119445766509027,-1.0696686951581307
-1.0,0.23100379001454596,-0.3330427010995691,0.3102564702946007,0.19217248297459075,0.36649817072232527,0.7645176702970652
-0.0511123318911631,1.0,1.0,1.0,1.0,0.6655740054319835,-6.506035043153664
0.20124540789616407,1.0,0.027228063971584296,1.0,-0.15531965066364195,-0.9127456881896047,4.376346518034012
-0.8362914776682167,-1.0,-1.0,-0.9732353119898537,-0.037754079484084935,-0.6835618985181484,-1.9682749808206033
0.7639016259079527,1.0,0.42762887641880765,0.9412229877179636,0.08429526712969238,-0.4214069752003753,1.3783755866079683
0.7781177582487119,1.0,-0.11013556357072246,1.0,-0.012442890258143269,0.9055695575949914,3.439953577374614
0.18161223284032624,0.9150330123010719,1.0,0.732294363461905,0.05877769445807604,-0.21306257396643558,-2.4672226195074756
0.6499263331193994,0.21943195256045744,0.3424818617792118,0.3719944046856669,-0.30193846448999756,-0.17776933535182474,-0.17579658236280582
0.46343131507303315,-0.6089715677759061,0.04524350280579026,-0.06342095463280306,-0.20779896158048738,-1.0,3.9963650630621803
0.20243129825730918,-0.3043356858742878,0.5031675968559897,-0.4196483189905055,-0.07804419136090626,-0.41311666028572736,1.1619319459894237
-0.2451401899342805,-1.0,-1.0,-1.0,-1.0,-1.0,4.269377612702963
0.10953148855561534,0.7644883016359045,-0.6259900168179455,0.5450918874333015,0.31442847590694356,-1.0,2.926192298224033
0.23265211313373912,-0.19205696164005714,-0.15580956046791705,1.0,-0.9746849163954457,0.07446813124609664,2.086985662254147
0.2315527559030588,0.5037596939527651,-0.30845708523177096,0.023331067514778203,-1.0,0.41886041906852534,2.253652559667287
-1.0,-0.3694376177806916,-0.9389863424562575,-1.0,-0.7151365361350417,-1.0,3.3046216627870377
1.0,0.6621126741653458,1.0,1.0,1.0,0.6894254999988163,-8.273932778272147
-0.43794267563447165,0.5516588163381878,0.4402242430861941,-1.0,-0.6123363060273834,-1.0,-0.07892038391944693
-0.1879551231985943,-0.3205399565920837,-0.915217847090522,-0.22613522958150978,0.3459398596014056,1.0,5.7078392561428055
-1.0,-1.0,-0.4367189474238671,-1.0,0.20330357362119744,0.37414930089460585,-4.423603339064555
1.0,0.9185854472978832,0.3902637363939454,1.0,-1.0,-1.0,10.045614466075522
-1.0,-0.7473767914284517,-0.5019664132158013,-0.8705170656103123,-0.2646637664778547,1.0,-0.5609406018819523
-0.8600561993153918,-1.0,-0.7943475289225196,0.2524846838968787,-1.0,-1.0,-0.3054535506535293
-0.39723218200977317,-0.7850504174203146,-0.832353088521341,-0.2982407117352522,-1.0,-0.27657926324129933,-1.9897472995610546
-0.5328626867509039,0.15269661199018625,0.22508557031082982,-0.5003635293815494,1.0,1.0,5.233786360659855
0.13570753984095685,0.8251938073288164,0.05862216729870284,-1.0,0.7425420299146259,1.0,5.369586833234834
1.0,1.0,0.09347575927721219,0.31410180851255265,1.0,0.5262710566619964,-0.7993562268164458
-0.7072759880250853,-1.0,-1.0,-1.0,1.0,-1.0,3.413963548490914
1.0,1.0,1.0,0.8611642627706043,1.0,1.0,-9.551166095414539
0.17802164416337074,0.7374684772294263,-1.0,-0.21223901507094994,0.13032999302696502,-0.5467935820574086,0.836553827048589
0.6890307769652358,-0.3210905858562335,0.12913228518892386,-0.6333098048188321,1.0,0.5195015841823327,-3.0235945533677073
1.0,0.7200754189712419,-0.06634631832584381,-0.036914089536934536,1.0,0.7643278594529814,-0.6236551490222694
0.03592110718694419,-0.2581402570494807,0.017431197958564015,-1.0,-0.8796168763883319,0.5475598481089935,2.376390394041359
0.7469373682457296,0.14609135683717422,0.3934933966007572,1.0,0.9364876075787787,-0.9663325906944125,0.33375569474741534
0.5377395658982911,1.0,0.9375673122314782,0.936878172654749,-0.30966536762694274,-1.0,2.238462434502316
-0.10080624889253836,0.408400006077733,-0.7842464635740233,-0.84117567385397,-0.7303385645224609,-0.41267010519023084,-1.1092945486365333
-1.0,-1.0,-0.256844246547546,-1.0,-0.5916688410945115,-0.9777019437574518,4.4838692436259935
0.4709156164436917,1.0,1.0,-0.21596898208509976,-0.6258291789201313,-0.16311941216981363,-2.328528360321227
1.0,0.15538969709814632,0.7903184740805729,0.4978625580680444,0.40341603331045417,-0.5655746934346061,0.1799921943202982
1.0,0.46178577488673844,0.3282826366725837,0.5346534581561244,-0.5767754387757664,0.02247962340635684,1.471838192488095
-1.0,0.2302843460837033,-0.8454890336043716,-0.057092042688886124,0.6309153124876545,-0.25817914240436607,0.4719934183271834
-1.0,-0.6789170775389466,-0.5013392343025747,-1.0,-0.9904527810662748,0.40286779258325434,-0.05974183521269805
-0.47918858625959776,-0.022615768383003863,1.0,-0.236140110446326,1.0,0.13707293737613957,-0.9645768626804647
0.2281224446379592,-0.638691321190114,0.429825376669718,-1.0,0.5265959317415214,0.8013663373758384,-0.9403302534172039
-1.0,-1.0,-1.0,0.11447192986988325,0.858327705620116,-0.46759637668158893,-2.950710798222295
0.3381917751005752,0.15043520844471325,1.0,-0.006817128020243694,1.0,0.761881626185087,-2.9818555586650946
-1.0,-0.5251616472104839,-0.030143815731347168,0.9072516895632221,-0.09069051036536921,0.9189787216701685,0.6708511688160013
-0.054234446469748704,-1.0,-1.0,-0.5939002190258881,-0.392081594735137,0.08911527160056414,-2.0602953359077176
0.2677281672326429,0.3469999060000397,0.47374865889923834,0.9654153469184283,0.5001807811158193,0.7607579359324562,0.255752628217959
-0.36308803725948674,1.0,-1.0,0.9424581174644542,-0.5777983140063121,0.3712281891772343,3.596324544725119
0.14383378375140968,-0.2648950905398668,-1.0,0.3037690858127412,0.7135417095309662,0.2577818344335423,-0.7262985309999449
-1.0,-1.0,-1.0,-1.0,0.5976210635280892,0.6264897966222365,-6.593694413042527
-0.4495461277940342,0.5422035076428866,-0.6172780187308358,0.9390333345517676,0.04948298411874097,-0.49371421750206057,0.1380764990609504
-1.0,-0.6510287524092842,-0.3118876873332117,0.00027239620315622215,1.0,1.0,6.269097923202033
0.612979962907749,0.1347675211322794,0.5851814405591295,0.22684936225624153,1.0,-0.07378612466105805,-1.6842557164478122
0.7668809203688007,0.17162262060411182,1.0,0.05870197930734711,-0.756021335894036,-0.34998952870645517,3.5350109327214367
-1.0,-0.3314993170493312,-1.0,0.04903840506180693,1.0,1.0,8.51689700072566
-1.0,-1.0,0.1006801891447009,-0.3078498715051312,0.9638534793150024,1.0,4.061689263023895
0.859824998869126,0.5511755106661376,1.0,0.7872662937908148,0.4068992537400473,1.0,-3.877737325318903
-1.0,-1.0,-0.9699817355297244,0.15056771738114233,0.3703358729904042,1.0,3.67565606455328
0.23592404384500754,-0.9360151418184595,-1.0,-0.24475608759545642,-1.0,-0.5686312493095284,1.540242245120914
1.0,0.7384335180494037,0.3375814251612359,1.0,0.33967639790814363,1.0,0.18117736145882984
-0.6329390685674814,-1.0,-0.789121611431838,-0.7083054045183144,1.0,1.0,2.5377523753914684
-1.0,-0.5412221328811302,-0.06625886699843164,-0.921315340981613,1.0,1.0,4.45886317732568
0.0898056980710438,-1.0,-0.28793239551022265,1.0,-0.6413494232431787,-1.0,3.25813451551205
-1.0,-0.6878117595096895,-1.0,-0.9154423872457089,1.0,1.0,3.4900760734664718
-0.37168597281948623,-0.2354264865272021,-0.7024472285271497,-0.4213283679209196,0.8450998022818395,-0.4059288088201605,0.9641591037528039
-1.0,-1.0,0.11306666142244615,-1.0,-1.0,-1.0,6.104087062937109
-1.0,-0.4399817715355475,-0.3752250914769,-1.0,-0.24476632493870665,0.004455732434209991,-1.577743184606782
-0.08488121128287478,-0.5481884815489781,0.058964342129078307,1.0,1.0,0.8109261325888217,2.5892013140825405
-1.0,-0.9474414068527084,-0.4537380354616285,-0.0762368564218141,0.7824894159182977,0.4292653312782607,0.5738881259836699
1.0,1.0,0.8163631380416436,-0.6143984170801033,1.0,1.0,-2.15612823039752
-1.0,-0.9425191299602746,-0.11250070287350744,-0.9011556164722607,-1.0,-0.25996597322695564,2.628580560731798
-0.07700603633797631,-1.0,-1.0,-1.0,-1.0,-1.0,6.1367474741329575
-0.7503949328100348,-0.9374743414685649,-0.005174917399537349,-0.31712459569171964,-0.6404730719343794,-0.7972518929758068,1.4471823003495994
0.15134580780327977,1.0,-0.20556118677618024,1.0,0.3934621655632584,0.9448924089451589,3.518057204214016
1.0,0.5192971752818746,0.6823905883527751,0.2374659444001525,-0.046963640472679646,-0.12195914892343052,0.3615646727818493
0.8146195659732716,0.5044735015268649,0.8372948100092752,1.0,0.163596819384457,1.0,-2.252819960840114
-0.42907552072915456,-0.06193448672174706,-1.0,-0.4617282676672129,-0.17796241035661953,-1.0,3.95445291288712
-0.0046544974079536505,0.918301992350081,-0.6052844489719451,1.0,-0.7002519681594347,0.4987086850026843,2.874935956627382
1.0,1.0,0.23315486028073984,1.0,-1.0,-0.7302603350086374,9.62237649578958
0.6989489831534087,1.0,-0.380078122795403,1.0,0.9198433276294796,-1.0,0.08687706691120606
-0.2643529367520233,1.0,1.0,0.24002294400087332,0.6404662400311653,-0.7293621161893213,-2.010217849493823
1.0,0.7733068873943469,1.0,1.0,-0.8809612742836094,-0.3521712371871767,5.569841692533314
-0.43101880827015104,-1.0,-0.9525094482688081,-1.0,-0.22693867983427807,-1.0,3.1493566908544106
-0.7178242656828949,-0.944991968470587,-1.0,-0.8427191636543856,-0.32805433860789956,-0.06401959409416602,-3.7690955474823804
-1.0,0.2439524135513761,-0.06887635756804777,-0.350974222086124,-0.5235833616668706,-0.8428031780774388,-1.8036117581466131
0.7003388778386138,0.8195089030379077,-0.14294032322610545,-1.0,-1.0,-0.8174625086559568,6.493400708213843
1.0,0.00520837078280334,0.7794678754189409,1.0,0.0175380047914675,-0.1849562541051963,-1.1124893072139652
-0.12239431346496277,-0.6280692754367001,0.8373421522201853,-0.6751002207824708,-1.0,-0.09977418182669462,2.661910264539247
-0.46911797233107927,-0.24565617505908288,0.024630949839077043,-0.44238603098529755,-0.8782760336195422,-0.021111040106840062,-0.29935696954854785
0.8865120500998759,1.0,-0.02978573328577494,0.21451433109525886,-0.4249148850648614,-0.4805106852055734,1.7262467024237569
1.0,0.05071371953779891,0.6199166348330886,-0.2601922430098853,0.4487250332150378,-0.027728380576042766,-1.512100658292166
0.2779434974465274,1.0,0.25267145689023685,-1.0,-0.06491671121605092,0.37290491443609375,1.1656529019456918
-0.9416259204620572,-0.04923399065076128,-1.0,-0.2663253214324721,-0.883743527161784,0.9435226863145432,4.510508788238437
0.9250353148585659,-0.17418119805221444,-0.8977324690738989,-1.0,-0.47491972100728774,-1.0,4.457257456602353
-0.8319684068189936,-1.0,0.2925891993809606,1.0,-0.8123193430235233,-1.0,0.6254902792491043
0.5242244068966391,0.3829115079647877,0.3109627745310208,-1.0,0.20250839544824228,0.4797081632635789,0.41194709916297884
-0.12551680053837266,-0.05937700517314459,-0.7108607462486689,-0.13672592098178016,0.8505663448342922,0.004792471785018515,-0.14861880474108996
-1.0,-0.5071886909180432,-0.11509664020644039,-0.9874851084920515,1.0,-0.4017887736734904,4.9491971189261195
-0.5615110957191976,1.0,-0.34864526415265085,1.0,-0.061947827992276716,-0.6684754307182724,2.4748565564536733
1.0,0.02864139602461746,0.7192087142950727,0.8988110189186878,1.0,-0.6831023066328511,-1.801908092127511
1.0,1.0,0.7095554778768223,1.0,-1.0,-0.5063375213216822,6.474810206870318
0.7995020656633527,-0.6608353874000273,1.0,-0.770148206021837,-0.9703774813361099,-0.8766494279697938,8.673395403459915
0.08609670341653675,-0.021015243156444985,-0.8812560988424848,-0.047235465787014264,-1.0,0.599401132950301,1.5451937155133426
-0.29347897803187883,-0.38300243424529673,0.01864670463473228,-0.8254907791717918,-0.059271536612187425,-0.9244161578560959,2.8951660747302546
1.0,0.1740736695904559,0.10997287705814951,-0.527489170619148,-0.6688510115873875,-1.0,6.3159844389675985
0.8970631939889787,-0.6346777914327808,0.6223053572018231,-1.0,-0.6539776439362526,-0.8940835571285233,9.562465800192463
0.3758935608170381,-0.8702428230790842,0.24048644365212135,0.7577096320323468,1.0,0.4001958341724803,-0.6081511583077565
-0.6112950789345093,-0.614161107533987,0.5803304124574258,-0.7356216247247107,-0.18046958534318203,1.0,-0.5472890613525518
1.0,0.4058677084652573,0.49884852705243227,1.0,-0.47038985595888677,-0.5327968838668463,3.684152833412695
0.42541185618977906,1.0,0.9610753379509245,-0.4915518096374441,-0.3437017236350866,0.8896841565329731,-1.096766242833081
0.4717629482241414,-0.768726834626862,0.9365658594628326,-0.5538169080930966,1.0,0.08345587763705797,-0.8283187042001519
0.32857620520212605,0.2710923206273601,0.5704521714323717,0.7235901044019727,-0.8000897718193063,0.029242167399300856,-0.04184878406170578
-0.2934108217447492,-0.39155776878722537,0.2724365448334512,0.49772796784917805,-0.6451167581322651,0.21468988352704257,0.043253319964416004
-0.05168308217912321,-1.0,-1.0,-0.9114163602919749,-0.5854931443062312,-1.0,3.478546147017633
-0.05389042566652413,1.0,-0.5420600071786732,0.48778763513499906,0.1715278143870932,0.2876972617761285,2.072243586726999
-0.35918420072532453,-0.7102201319952823,-1.0,-0.90769378913012,0.007152824918874812,-0.28887656848877585,-1.8469517302663079
1.0,0.3091311232993179,1.0,-0.08193378314620658,-1.0,0.6158363224876839,2.9732816336849393
-0.2587874529327717,-0.7134537170227017,-1.0,-0.9689637213356872,-1.0,-0.06151561245950429,0.37124150680233414
-0.5920414445841908,0.3376270637871735,0.3346437272164878,0.04941206045232238,1.0,0.5326102087785658,2.1519145119498004
-0.9026022067806996,-0.9660367371582972,-0.18389742397937864,-0.2539143172807249,-1.0,-0.17137839769915741,-0.5178939092856851
0.6819634718219696,1.0,1.0,1.0,-0.20066624539501754,-0.16524627108061707,-1.7249762718829866
0.8781608522270881,1.0,0.49501858850137115,0.815498615073314,-0.30817868401044773,0.03582016648545544,0.5584766976087091
1.0,1.0,-0.6552478016300995,0.009964808349471665,-0.31028103698501475,0.2478775547776968,2.866159136840061
-1.0,-1.0,0.7010688172762638,-1.0,-0.9827301885761857,-1.0,7.530217638693018
-0.9385624070917563,-1.0,-1.0,-0.37686587660729554,1.0,0.9088355530890992,0.46868506651286224
-0.30343514738804156,-1.0,-0.5374563677589335,-0.236145622181388,-1.0,-1.0,2.265297406957277
-0.26032218195978185,-1.0,-1.0,0.6300734612460901,1.0,-0.491720025414282,-3.748283696630814
1.0,1.0,1.0,0.6610105956255634,-0.3996522854598521,0.5612705318331067,-0.49283608809557666
-0.6264185688682116,1.0,-1.0,0.7120665711058441,0.38271756255877126,-0.5516200210444221,2.8461621866219327
-0.24828227737311276,1.0,1.0,0.5867905519346526,0.7553873639626577,-0.24332921005647468,-4.281705633370981
-0.6111041156358217,-0.45753205537784447,0.05493882784500814,0.372088186771364,0.36742598985429153,0.7029599906975073,1.2695484226911111
1.0,1.0,-0.020516580354954517,1.0,0.17082970916701623,-1.0,5.934130984264933
-0.44989564938457216,-0.9199318339073256,-1.0,-0.5421055990579929,-0.448309141435839,-0.45558651613848977,-2.681218904775794
-1.0,-0.5432708714774888,-1.0,-0.25761799824666487,1.0,-0.8871470149746605,3.498492985937725
-1.0,-0.5159058587974968,0.01148644845239688,-0.010841415478077265,0.5500868045029133,1.0,3.3466259556066555
-0.14171629627273863,-1.0,-0.12621984964872457,0.333311120982616,0.9221560216237756,-1.0,2.1343594211922836
-1.0,-0.5853195680769991,-0.9810941187490868,0.35572411666720133,0.30127140984246226,1.0,5.9755108397536985
1.0,1.0,0.044530253286570565,0.674163025018703,-0.7755025004844609,-1.0,9.549775286557445
-0.00819315786704844,-1.0,-1.0,-1.0,0.1364022256336968,-0.49533295599823357,-2.999781448541726
-0.6149798074686857,0.6878871753107421,0.15698791131497114,-0.06936415380840993,1.0,1.0,6.553818672657
-1.0,-1.0,-0.03704100056321402,-0.34926444337870044,0.7709407425154864,0.30650875062753374,1.3854750867287218
-0.5305693239787838,-0.41105328476087033,-1.0,-0.19589783091984825,0.33312268442701254,0.990232801888164,6.349771045919779
-0.06787555046177313,-0.09329016232066628,-0.5326526270759868,0.22534867098223899,0.5659117563167724,1.0,3.691857362932995
-0.34276103534404156,-0.33121153824219296,-1.0,-0.7808088966357347,-0.7755364838349588,-0.4399030167135824,-0.7052093476573009
-0.3305442364507598,-0.188796107449827,-0.5244178165788671,-0.22743026251492982,0.7475535384311032,-0.19860718930625065,0.5499826373296832
0.3634519252479788,-1.0,-0.7961765293198366,0.4036761392399363,0.33066566561885036,-0.49631368635370543,-2.7335784136450716
0.9486459127926063,-0.1820644573198227,0.9249157416475835,1.0,-0.8366826773472065,-0.8973828996090933,5.511456394916702
0.5874494613690233,0.3368617465562417,0.9293172707645776,0.8657371338401452,-0.6645480168386897,-0.01843994526503656,-0.06745970267428614
-0.18823673794236928,-0.688022705725037,-0.15946794406202003,-0.8024136001387423,0.039223331694352534,-0.09410364551227823,0.5531942168944186
1.0,-0.22415198940801528,0.46003310147628473,1.0,1.0,-0.43780739127319646,-2.052015663830662
1.0,0.2652793209711135,1.0,0.20625838240400562,-0.08164062856711019,0.4907760881388121,-0.6475315555839323
0.3440794136837897,-0.47213740053025827,0.9570159251069732,0.5852796852488138,-0.3172594807030189,1.0,-1.4236120710131068
-0.5786664290740942,-0.45216289827464196,0.4344307892433905,-1.0,-0.3403393492235781,-0.9260411230500669,3.0862519483489925
0.5940307929944203,-0.2483147084555476,-0.8582031191230178,0.3168367518059968,0.05104551819179648,-0.3095167036667754,0.5395624798838984
1.0,-0.4679547505670509,1.0,0.7891439749187634,-1.0,-1.0,9.47613178334898
1.0,-0.04606935029737938,1.0,0.6475843664387666,0.17942487425569892,0.3217065857157667,-1.3596852145203926
0.13477551721201764,-1.0,-1.0,-0.9980678654870203,-1.0,-0.33041737663003456,3.4590681721952485
1.0,-0.7408094425603602,-0.9238073680051235,-1.0,1.0,1.0,-4.758047836610766
0.9535979325384671,0.4085283565473925,0.8028211153782087,1.0,-0.9210853543869744,0.16628418135016246,2.432293358848611
0.038332095347206385,0.1302812106324298,0.6085578238893119,1.0,-0.2309390106859942,1.0,-0.4216438749441832
0.672465706120422,0.7519696400453487,-0.28291293439576237,0.1039070189762844,-0.9459560264705981,-0.22640923180214967,1.7546395351908994
1.0,0.2677749973174042,1.0,0.5572727157558519,-0.5680877093827637,-0.4754100792804168,3.5876487747821466
0.05536919598591078,0.20312964698643282,-0.6353183460796601,0.7150758915322754,-0.3830000592440063,-0.42265338987298473,-0.3709586008700894
0.9700168606480246,0.7442502635481315,-0.2643797690859703,1.0,-0.020149779095869014,-0.7951613656590486,4.426688087056294
1.0,0.9431551077308453,0.1833024534619741,-0.3492215060863222,0.0628191520700967,0.29184779592471144,0.04391120157205347
0.39884090055667026,0.8239171468178719,1.0,-0.8999240917344724,-0.5436636584855641,-0.4314066874590881,-0.5912729955238414
1.0,1.0,1.0,-0.2709809259064691,-0.4515449237504572,-0.36143852126442466,-0.8647444476640248
1.0,1.0,1.0,0.8079970900773583,-0.8884491149246714,0.2816686640495021,2.1616024820546254
0.3708698506948992,1.0,0.8175190919814208,1.0,0.11859795196728984,0.11674148160898068,-3.759518361950091
0.0776457180551472,-1.0,-0.08699763877568856,-1.0,-1.0,-0.7138690126377722,8.165686573828035
1.0,1.0,0.9013671702162103,1.0,-1.0,0.14102392358472393,4.197018971598648
0.5486440268081428,-0.11355791005567129,0.4145879004169627,0.5112980571289591,0.13191810916551333,0.11696310320269293,-0.49136965155237566
1.0,0.9263358203546213,0.14648260409663272,1.0,0.803169488909308,-1.0,1.8709407399454736
0.2796528335839378,0.12051884419585861,-1.0,0.3810784793846605,-1.0,0.30040271200643565,1.4231482095527948
-0.34296415732153873,-1.0,-0.4429282290412988,-0.26419209415511435,-0.45704806562712463,-0.3144071183986089,0.3758665943641315
0.1583588177306089,-0.51292957956685,0.6405742041418889,-0.741616045026483,-0.015001006667963557,-0.33155248725431785,0.8727712691726722
0.135583933222296,-0.2873900904460804,-0.16346179664652932,-1.0,0.8234741441647978,0.318333334938498,0.5944683991566617
-1.0,-0.9059872078340929,-0.15437953505921476,-0.6135233459752474,0.45292045251084,0.7848945695069107,-0.28911631174276514
1.0,1.0,0.2499226448655571,1.0,0.18594167757195246,0.9388240516133635,0.7808827955497135
-0.6054002503362347,-0.4641845330188062,0.11028056765421679,-0.6376459150726003,0.540449391701098,1.0,1.54869573787244
1.0,-0.5531199360180314,1.0,1.0,-0.22810115123994876,-0.343520075425902,1.9704625724263118
-1.0,-0.8834591378737483,-1.0,0.8689047747806949,0.4939046459913875,0.6537658775412413,-0.26008801255836
0.8430410556154806,1.0,0.8494230533869411,0.011001460332417778,1.0,-0.48025069972697954,-3.994890206478444
1.0,0.4146770855913282,1.0,1.0,1.0,0.2656428798790269,-6.2040114250711955
0.08631355096985605,-1.0,-0.3019372997796612,-0.10825568002014885,-0.351521092600088,-0.999283440621859,2.6920595656817246
0.07782105076458197,-0.28261953234098613,-0.911556927467682,-0.8102268899331633,-0.017943230158335766,0.7998134859815199,2.1650065998438013
0.14205505342742336,-0.16600214621695897,0.7399306808406256,-0.7114692209362833,-0.052309260669525515,-1.0,3.0077813401695748
0.6047323571122699,-1.0,-0.900750349057328,0.303581516635435,-0.11786653416897042,-0.37559478699372795,-2.033648420753047
0.33500992156387494,1.0,1.0,0.9153003467199099,-1.0,0.9580287346239151,-1.2869728936050653
-0.7505592538396125,-1.0,-0.17179214572906812,-0.5497242916207891,1.0,-0.41252757840869675,1.9024648181127095
0.6834395496708037,0.28685233430681734,-0.1494523593422717,0.7452458848022843,-0.4314780894904334,0.23972504831315278,1.0158207586184467
0.7145425917950926,0.1585053791042661,0.33597587983657573,-0.7306360858703124,-0.8096032041172776,0.2410631752824729,1.264548502932488
-0.055393971874517944,-0.13466559150679025,-0.28980849594595454,0.7319269442767395,-0.01807969869216408,-0.13726536694746083,-0.40546260694737124
-0.3234712190473491,-1.0,-0.3813040787337362,-1.0,-0.9840680341092591,-1.0,7.1239399658218865
1.0,0.009862789651345016,-0.1596429417844718,0.5967759709874759,0.16913487580125847,0.6932574794733476,0.3876232941445852
1.0,0.127090866126655,0.16213102696977444,0.7259959448497413,1.0,0.07571252707842369,-2.9793398811300387
1.0,0.7900785579901537,0.26467716521180285,0.5979373961784106,1.0,1.0,-0.3228011607863633
-0.5420502189053862,-0.7861467484293623,-0.911980430406532,0.19647388769569457,1.0,1.0,6.953210956536691
-0.3930004655071435,-0.07708866491453337,-0.48972365036973975,-0.0411835970477723,0.6547850676181244,0.9015437895218056,4.827994493196196
-0.7883813740412452,-0.5225373830033925,-1.0,-0.21513552631536748,-1.0,-1.0,1.8136221592294828
-1.0,0.3851253514867113,0.16088881175671538,0.2036108122155752,-1.0,-0.5260282518447614,-1.879946789352478
0.8721705522793898,0.5656799647619559,0.33016707951259927,0.18786806261005398,-0.5802100944800317,-0.9018752798434293,4.888095767294986
-0.8470177752841759,0.5180072910852678,-0.8045181029681469,-0.17119866132379563,-1.0,0.6226476994570286,0.17208693552116017
-1.0,-1.0,0.43241086142598206,-1.0,0.3268787092538882,1.0,-2.7225113148292346
-0.23473328779596403,-1.0,-1.0,-1.0,-0.5191746757206959,1.0,2.0440399469887875
-1.0,0.08235901994911443,-1.0,0.6930357390398193,0.22444529051674222,0.392066570754119,-0.46484929377809675
-0.4827052227653714,-1.0,-1.0,-1.0,-1.0,-0.7205020556377982,3.2191849082605817
-0.26990268909075765,0.6881995988351546,-0.24808059855859937,-0.49922577146818203,-1.0,-1.0,-0.15369222664666182
0.5820807387842037,1.0,1.0,0.7789590846025314,0.030909358781645357,-0.04856778968213149,-2.831883245933467
-1.0,-1.0,-0.9690957333405363,-1.0,-0.7400910586636804,-0.6854295802342767,1.0073432107382754
0.6240621560794433,1.0,1.0,0.28528374510062227,-0.40715449629584,-1.0,0.9404258851740713
-0.06432983967875927,0.6596806075591477,-0.9023526365281351,-0.26184636234855374,-1.0,-0.6585494655794755,0.02152569306061136
-0.333338670239353,-0.2813269102695269,0.011278547569412323,-0.8882678630868925,-1.0,-0.7467500958883171,1.9527926448909183
-0.18882278564937072,-1.0,-0.11425830192699604,-1.0,-0.5943979501940707,0.3677865949400834,1.3134451285198028
-0.11787939510039291,-0.8477133269144386,0.43327682913218657,-0.37987507574246765,0.8764177871639801,0.437823096257813,0.14200807024763223
1.0,0.7552596932253108,0.38413563214654745,1.0,-0.5532510970502679,0.4429187764467236,1.8848418510792668
0.8692457442114803,1.0,1.0,1.0,-0.9387105914110326,-0.07543778297651804,3.322767721287948
-0.001006340980007847,-1.0,0.6608764263702063,-1.0,-0.6764452139526977,-0.9521473784169039,9.064300917558173
-0.2804284109154562,-0.5033968652556735,0.0751258562359135,-0.6087895847487572,1.0,0.5118989865477637,0.8335003884568648
-1.0,-1.0,-1.0,-0.8348674914206295,-0.97097096795514,-0.5134020182368126,-1.2816037023189777
0.1246371363969252,0.4621527435326469,0.18849805999235136,0.5814285857847942,-0.7305283753982322,0.7606098714799522,1.6438220743475769
-1.0,-0.28187497660040417,0.10343780505099098,-0.2970011281002334,-0.45662220991150493,-1.0,2.279632171298249
1.0,1.0,0.8489979346301237,0.05020536529353081,-1.0,0.4647769750211541,1.3660804115115757
1.0,0.110312369572372,0.6332600064090681,1.0,0.5124700064882143,0.6899448367515509,-1.7033993442064292
0.8623220391754505,1.0,1.0,0.512761367903461,-0.7246426167459736,-0.9387043489648456,3.294189284086373
1.0,-0.37997209750728633,-0.390031394452633,0.8248626355435505,0.9053654173892989,-1.0,-1.399317721370083
0.41139991207153614,-0.08778918503240907,-0.22607000490872023,0.1638112952323924,1.0,1.0,2.995514116436511
-1.0,-0.5085957432400918,-1.0,-1.0,-0.8341272555788862,-1.0,3.965284131881525
0.9477297542298326,0.2025296768950533,1.0,0.4050344214053514,0.371770006265286,1.0,-3.620803129583482
-0.05473272429793408,0.6602641034221304,-0.20570263416169332,0.7353832988102034,-0.6512844180546479,0.2534259882257551,0.20641726342489902
-0.4012251616160654,0.06422591490492502,-0.09060863192741177,-0.46532894519046686,-0.7235349002572642,-1.0,0.1910125841859588
-0.40595700284227487,-0.7706296296104754,-0.38429324124785724,-1.0,0.0502556892384618,0.5653578289099533,-1.3286253455580992
0.27189475448429945,1.0,0.21216780173997163,0.3554214717666926,-0.38617058286515293,0.036144092329596006,-0.2560154123837156
-0.6491443204963003,-1.0,-1.0,-0.10978896859055265,1.0,0.8654133371146324,1.3714831905801317
0.21486591671495156,-1.0,-0.5097716919254928,-0.20478795344594292,0.7861337236136247,1.0,1.3552021888864554
-0.8685749897193127,-1.0,0.24178172669675158,-0.3137254212270806,1.0,-0.08509074082381063,3.9387400666962122
-0.020666026880530874,-1.0,-0.6862684163044963,-0.49804507296938616,-0.17918406576543372,0.22320419394990654,-1.9739647308351667
-0.562090443145071,0.704035333097888,-0.4961343017248831,-1.0,0.0913738029810725,-0.3791557087062719,0.022344717011794413
-1.0,-0.030645897843318642,-0.015969739384613213,0.38975554121195677,0.35623168886523243,0.45926193664738235,0.5259102139044274
-0.5722727066826357,0.1723374337836776,-1.0,0.5580960812816906,0.7676838434644235,-0.7244893302143594,1.4295081175887452
-0.9297495513936511,-1.0,-0.9701932259958159,-1.0,-0.6702108232122016,-0.8841758090531238,2.5712807025353017
-0.4612282943031245,0.5003365591769549,-0.7101582793686579,0.7705494591789809,0.6075991423114169,0.2635964653109488,0.6656224008102005
-0.5165410902250663,-1.0,-0.11649428529047667,-0.23583499769512906,0.2553307131436329,0.4137406981442592,-0.14421389374618127
-1.0,0.4521267258336765,0.2937907258244362,0.5122564550194694,-1.0,-0.6068548218910719,-1.50839989925467
-0.06375063308845447,0.41063767960359243,-0.40717296068676195,0.007733243426186087,-0.7557312903926805,-1.0,1.361709325942002
-0.6626298805273854,0.41705214699009624,1.0,-0.9182532998869697,-0.4813537388271941,-1.0,-2.289566433190468
-0.8353232892534803,0.25583313011708964,0.8507903628112737,-0.8480924952637651,-0.3162559406408769,1.0,-2.500718862732002
-1.0,-0.689214375683548,-1.0,-0.8187477503815039,0.6725303980422821,1.0,2.8649494775682482
-0.6717924303938381,1.0,-0.14793888853858062,-1.0,0.053868719633853646,0.6675450695494898,3.6364999377410587
-0.7922364334012841,-0.016685941391427206,0.11744577874195733,-0.8368531699784523,0.6439205200545803,-1.0,5.796976252464112
0.2816049851333411,-0.059880259542754166,1.0,0.41352794396581694,-0.3048912604297218,0.14433671452255448,-0.21356039892541545
1.0,1.0,0.4913729179421866,1.0,-0.8319181823746163,0.06138432344064003,3.9664143305805952
0.27625340101318097,0.9827825566814701,1.0,1.0,-0.27688310777021763,-1.0,1.1509812354029314
1.0,0.08220075404658,0.040998492718445245,0.4842199128031195,-0.23962882516558415,-0.10589226541164902,1.0517260208662682
0.47969655922654564,-0.07160735145500746,0.2825796535273639,-0.24554445563693844,0.5574846252364822,1.0,0.9575379612511092
-0.4752621987478105,0.43921078180026235,-0.09172107003187482,-1.0,-0.5072999961835254,-0.9576094430942935,0.06276668684649106
0.39121255992272763,1.0,1.0,0.09661244033361549,-0.23032644579824435,-0.9325917583634425,-0.41507886209901956
0.7652730886619209,-0.17385337740992746,0.5417665137708989,0.2744657096686177,-0.5163687949625525,0.06710057201079878,1.26480121267207
0.003220452142098651,-0.3777360287116829,-1.0,-0.22841161012734906,-1.0,-1.0,1.9324171861521322
-1.0,-0.08646759733840234,-0.15036769832072766,0.6382860417919359,-0.7148559766705105,-0.6246956252014184,-1.0796862148093025
-0.36605404783726964,0.900144162431489,0.21071043635731157,-0.30602103701701583,-0.18054940429556343,-1.0,1.3923332410915215
0.8699423286559096,0.819332627857456,-0.40266499841515196,1.0,-0.01569052775852997,-1.0,4.628960515669568
0.13034283442917372,0.04622495193341103,0.3303947204365848,1.0,1.0,0.11521297283271364,1.109786094461027
0.7211354266637533,0.6979730405553548,0.09551632623109368,-0.29721043375969314,0.7074806364222939,0.6609337382957485,0.19986952921080348
-0.5588641773591827,0.20706729780234545,1.0,-0.02930480334388591,0.21371347826452958,0.26762287568804344,-0.8276558842463642
-0.9729245826110868,0.16207126162527175,0.06357313860034886,-0.5752730189449509,-0.023159688877035345,-1.0,2.9254064997647706
0.39352556410927786,0.9714100877474507,0.16657277678191618,1.0,-0.1893413301211858,-0.2447073816933778,2.230844029141735
0.6172698308755353,-0.4036533261001689,0.28907849449334694,0.23368120175238366,0.44495029197356867,-1.0,3.3958496180140516
0.10835902651645846,1.0,0.7047751141385266,0.15928837302598997,1.0,-0.76910686548277,-0.3075914705694882
0.24054289262369588,1.0,0.6300365773040658,0.6733875963917094,-0.6031596189033381,-0.6432052841020424,1.399818699856867
-0.544719374583525,0.7461140413759314,-0.30129096499519825,0.3650962325526787,-1.0,-1.0,0.897042090533004
1.0,-0.1489373838127387,-0.3498472454487884,0.9220488646626738,-1.0,-0.14819774445235123,2.921958935933364
-0.1275288858153214,-0.050263103812974164,-1.0,-1.0,1.0,-0.5274546292047736,0.7500215361705671
0.6334789570950963,0.003318040477327422,0.5804368589801632,0.2687774032365121,-0.4830177792631622,0.3832065613080908,0.23665915447668462
1.0,-1.0,0.22600133188653992,-0.6236640106965154,-1.0,1.0,10.404452073135108
0.21398686205986006,0.37807427949086647,0.6418518765667526,-0.14850307610269792,-0.892259054510794,-1.0,1.4432922474134497
1.0,0.9532365039719873,-0.11936281684244565,0.060969396874748116,1.0,-0.9076443441317558,-0.4574398344861669
0.6533421926622363,0.5266724283449045,0.29526097437131393,0.11773096733156474,-0.3968909320163512,-0.3547244813949249,1.1082693466148332
0.33514011446851927,-0.6870544180708786,-0.6357229834134316,0.7886391813674791,1.0,0.9587716622325801,2.615634157462758
-0.8230136250312028,0.7003903632839592,0.29520339777368765,1.0,0.25940603475909085,0.6869312531722935,-1.3366581420680306
-0.6889378036267771,0.8247954741881163,-1.0,-0.5208700694398622,-1.0,0.2304517783444291,-0.6505511821843873
-0.4854746408636419,-1.0,-0.619892681300424,0.05669018156608313,-0.209704685534097,-1.0,1.7015877444380743
0.16277330519338945,-0.18900837411535293,-0.28232965074575717,-0.05552321596080062,-1.0,-1.0,3.640699284239393
0.5617147043419868,1.0,1.0,0.051553493946906226,1.0,0.5387163215435986,-2.8533206312862713
0.3443685172051125,0.18998062756175182,0.08036567991398647,1.0,0.226275776776179,0.5618302071970965,0.2579502029630294
0.4809536345222616,1.0,0.1925918550884278,1.0,-0.13009621947216865,-0.061642552124646866,1.0449314606381355
0.6114465141878216,-1.0,0.4567168713277616,0.40548866197825884,-1.0,0.9197054688443648,6.935487815264258
0.6244865751604108,-0.3065826691105018,-1.0,-0.5402230506512684,1.0,-0.3174240642065449,-2.8488955642688585
-0.6874832610928612,-1.0,-0.9254346644449859,-0.6151992099832582,-1.0,-0.3496362762466607,-2.9619506537300024
1.0,1.0,0.664727186054582,1.0,0.7996181084704468,0.43605244699378753,-4.737553123065048
-0.971746575551837,-0.39311478564658864,0.0011775413031529514,-1.0,-0.31965644667717963,-0.18688574379275197,-0.6696049753562974
-0.43115579669077053,0.20271023409420852,1.0,0.018256804125749315,1.0,1.0,1.0621034101738716
-0.2341332283484887,-1.0,0.09726970942720108,-1.0,-0.47107406700308785,0.45154502235308325,1.3676978186743562
-1.0,-1.0,-1.0,-1.0,-0.25945737338504105,-0.5670425303507086,-3.1313439365863753
-0.6899693407107275,-0.0773613399414288,-1.0,-1.0,0.08773285545649698,1.0,6.087862297582006
-0.5064610737309638,-1.0,-1.0,-0.08779026251616079,-0.4419523673115282,0.21713212109983632,-2.7507067797867557
-0.4408507969739195,-0.4327357187967742,0.34477546488979954,-1.0,-1.0,-0.5363945066173644,2.8159314740481003
-1.0,-1.0,-0.7916880254793799,-0.6224733472411381,0.3271716534702369,0.5113735316042507,-2.9893501746888704
-1.0,-0.3012316333852194,-0.9996816084176585,-0.6454617847705362,0.9081722474913425,1.0,6.3863524128121565
-1.0,-1.0,-0.6446680907022874,-1.0,-0.7357126416097522,0.9435138799051389,-1.740013040615016
-0.8187225314146725,0.37960950515726594,-0.9403514096118308,-0.4446412190337038,-0.027904582686090973,-1.0,5.078505497459716
1.0,1.0,0.48070266133175643,0.18191329823607982,1.0,0.7214514929296383,-3.327792474167229
0.8457095497449236,0.8159203855385975,0.3329895172422469,1.0,1.0,-0.07070778815949841,-2.568667743789018
-0.681830678376377,-0.36248218699385537,1.0,1.0,-1.0,-0.5695116984258386,-2.3892549332419337
0.06136041775523629,0.30759396871234834,-1.0,-1.0,-0.07706831236521625,1.0,6.442802242581185
-0.1176292108070659,-0.9868157026674773,-1.0,-0.9585166902976205,1.0,1.0,-0.2697410200978387
1.0,1.0,0.6391949330268851,1.0,0.30968995654164067,1.0,-2.510732372746906
-0.38321063532875815,-0.5279570214587168,-1.0,0.7482934478162786,0.04809976346659754,1.0,6.5128926994656275
1.0,0.9954067865640819,0.13117561369845526,1.0,-0.8021232173768024,-0.39799851407058584,5.058898450203461
1.0,0.4797178270883382,1.0,-0.19473345539769438,-0.4338276071639386,1.0,1.289834403488612
0.686598378001243,1.0,-0.15626943549691513,1.0,1.0,0.6534238914137077,-0.4259357110864889
-1.0,1.0,-0.08957457429398086,0.8305534957376195,-0.9783407643949615,-0.22989510584261963,-1.2643788218038103
-0.5159177789851024,0.566231804032475,1.0,0.4583987302494663,-1.0,-0.44821596314012857,-2.4009584530837067
-1.0,-0.318013053807778,0.2963404334833599,0.6074275785884311,-0.3377007385595361,-0.11984629342595449,-0.8639672273119272
-1.0,-0.6271168671572585,-1.0,0.5305773649759711,0.8057891309776192,0.2581478589494607,-2.2170923560451823
-1.0,-1.0,0.9962384464172858,0.5935712074805576,1.0,0.8413690251338709,1.2869118369050483
0.3879716768053138,-0.19235269306026415,-0.5628695088649909,-0.6730316304439573,0.5180844162942778,0.2843203345056251,-0.43794486527628507
1.0,0.17692264156677617,1.0,1.0,1.0,-0.007300858130492416,-5.078521632652617
1.0,0.05039427645136896,0.04687369372614558,1.0,0.043386506416671425,-0.607829840149602,1.4186217675772679
1.0,0.29348115157402366,0.636159382729259,-0.32187907838879204,1.0,1.0,-1.9766604500441773
-0.7908745098127726,-0.3738843346478111,-0.5881772222920453,-0.26766579642908256,1.0,0.4699766651324131,1.151795644605535
0.9061364193436545,0.5792839240703422,0.3838180181269133,-0.019160450618389335,0.3621985360767652,0.9157901389787518,0.0681392096048502
-1.0,0.4577698989399903,-0.5991654521212217,0.7322094628714708,1.0,1.0,9.748739908731528
0.5781558205969757,1.0,0.47017319705489347,0.8779250504194991,-0.044617084345434425,-0.7471524227148649,2.484181600443601
-0.36389245162645834,-0.8343532484309031,0.0144969539611427,-0.8910234857632071,0.20653061794500616,0.08819633880832184,0.7921731140099396
1.0,0.10084206547923769,-0.35439455806331494,0.30807752932332005,0.0580630027833786,-1.0,3.550760590188917
-0.059419519180983094,0.019836698166666167,-0.1140973614472292,0.30665415585039957,1.0,0.7229847996350782,3.150732895138878
0.2662151994952744,1.0,1.0,0.3844446873363365,-0.9026961500051086,-0.8064479126101394,-0.8244001962584058
0.01179423778973454,0.51340283726654,-0.5308590875653112,-1.0,-0.7641145023642433,0.1227968202000036,1.3404834362061337
1.0,1.0,0.9673573753395137,0.4601728202517621,-0.7332449773858132,-0.3200915866830465,2.2615338479010596
0.6541890989211161,0.054877578034967955,1.0,1.0,0.34393846274125917,0.5141796539519212,-3.7986667245498316
0.09519749489355878,1.0,-0.15377978182225152,0.37850902411989285,-0.4212857907776934,-0.2338326976525691,0.2646430018174273
-0.6271051519785305,0.01940178796731007,-0.3973289178360513,-0.46664439430562865,-1.0,0.5522085140559504,-0.3455886773911988
0.8350088660970958,1.0,1.0,0.983548346309769,0.050069291775960645,0.8072336166438274,-4.471702277221523
-0.4971596482269418,0.19238421889714669,-0.21812333290631858,-0.7375357032064283,0.5903879158061529,0.1103199306201752,0.8517412079688801
0.27638795089843937,0.743267383638462,0.9916508083259865,0.44131724485722856,-0.6706135839259484,-0.8589492126321852,0.4610729056928138
1.0,-0.2087468154755443,0.07312849545998579,1.0,-0.7249004562919015,-1.0,7.863586687794877
0.5739794533181639,1.0,0.8596806811611568,0.07178236477025601,0.7814894506729704,0.31055893500469756,-3.2599298986453635
-1.0,-1.0,-0.02061969297838462,-1.0,-0.8444011867212611,0.5912264624201958,-1.4229963904912637
0.18015134632855206,0.33074941265442637,1.0,-0.34987584207467143,-1.0,0.6430262611595488,-0.9913149284503531
0.9249129096402553,-0.04913826579409086,1.0,0.3033996698652385,-0.8551412771793838,-0.5519864684713752,4.773064404806487
0.7284739140155416,0.4389824846459065,0.8202993951652372,0.3199716458979259,-0.8322182702170708,0.32481114750409473,0.729133488203235
-0.9550551513189779,-1.0,-1.0,0.7978529584581008,1.0,-0.42195686696127427,-5.031850056751012
-0.23574986073226656,0.25783787118844825,0.6810296569720361,0.9468454589971175,-1.0,-1.0,1.9816634713197985
-1.0,-0.9719244188963494,0.4948548579754709,0.8493485720355163,0.5474667221159875,0.028957400515079113,0.16923958456330235
-0.18365976612602275,0.2378406905381827,0.06779869848783737,-0.238771458711398,0.8148336875072146,0.46552570391084497,0.8133881708116211
-1.0,-0.18769045803258622,-1.0,-1.0,-0.47809181253938327,-0.10552805873562143,-1.1567839976692118
0.2605519226218586,1.0,-0.22031005781336985,-0.45022475984001525,-0.4600118597797874,-0.7394685463092301,0.4299226976427887
-0.7093401929322187,-0.6060600879802656,1.0,-0.3658632325305207,1.0,1.0,-1.14324393223807
-0.6613864849839175,-0.7840134910566015,0.03573814523227667,0.18228674220305785,0.7877536211073941,-0.3565970399131431,1.8922931478414744
0.5738919162178562,-0.15627315706765318,1.0,0.33317203665690365,0.36999337077748967,-0.7382485565546817,-0.32310635882918637
0.5911890027715673,-0.7931483285091762,1.0,0.06512458693850401,-0.9088097332419116,-0.6981708337556601,6.280984089083027
0.8246543442735775,0.6758028579708034,-1.0,-1.0,-1.0,-0.018741550324393064,5.7861686998585515
1.0,-0.02176973734730775,0.7076407499596234,0.1602907360428905,-0.043058380889263614,0.46701203773617767,0.4215350472861509
0.6100902956349054,-0.5325952768455315,0.1665913186338892,0.16802734880288503,-1.0,1.0,6.152988883853359
-1.0,-0.5739430926385044,-0.7666348046581912,0.2751085807094784,1.0,0.22915600062879815,-1.004805306595046
-0.5142933308027671,-0.21222712725901957,0.6989877575764225,0.18253270007430888,-0.7440222732955721,-1.0,0.4031781229465957
0.09227011433682758,0.7908669190120372,0.714533656413488,0.2913213168145762,0.5760519661046241,-0.5629362891876795,-0.5462102078508593
1.0,1.0,-0.1688809341327696,1.0,0.37926955084067127,-0.16395724609682671,0.36643570618162247
-1.0,-1.0,-1.0,-0.16878785047603162,-0.7025257155921037,-0.7483288897244247,-1.73975767278937
1.0,0.12314727018722826,0.1542688134193,-0.3373117910079016,0.9224566741323263,1.0,-0.21614092929002354
0.7819553072013736,0.9154033724847221,-0.5035293581841419,0.19654897095223167,0.9641198444912122,0.5404087293877678,1.101355796489743
0.9713547942334473,0.21549835728716848,0.7963308763461205,0.0037577946498134063,0.4958761272542393,0.7375614730995395,-2.1258427164246543
-0.6632763449871458,0.8107891954144977,0.7123609123282624,-0.6371124586796979,0.526825586684539,0.2924470348889783,-0.9991239015596944
-0.0907064633597805,-1.0,-1.0,-1.0,0.40871953131365013,0.565213975389858,-4.355662499194536
0.37659546622238277,0.08007261936291386,0.06684611686641218,-1.0,-0.014277266746422115,-1.0,3.3825904560673146
-1.0,-1.0,-0.8745318547290182,-1.0,1.0,-0.8436849671507562,0.5146863934725308
-0.6179163751170726,-0.11701503056367246,1.0,0.34082966849834223,0.16390015268287425,-0.0942253116744329,0.8122660149753277
0.1438486601869225,0.2408241235807096,1.0,1.0,-1.0,0.5833364811335073,-2.577638169810874
0.23076059774862953,0.2759315120478464,0.12541542711308823,0.009655453053305701,-0.41431287920173954,-0.6089965365318781,0.14278762735741768
0.13130410578876417,-0.9343175312509291,-0.7308575166948874,-0.53962754949358,-0.9149075319875755,-1.0,3.877794791371995
0.338879071731897,0.7744104684918675,-0.7380290267538419,1.0,1.0,0.8333298468623305,2.6166617180605716
-1.0,-1.0,0.01819419694790314,-1.0,0.25394202430190843,-0.69107587602974,3.3112696889779856
-1.0,0.42850899500269873,0.5940750982156171,0.32914003308568257,-1.0,-1.0,-2.1763329391535864
-0.3879867583002058,0.038282715392292,0.028783602342855763,-1.0,0.2279378445790381,-0.8574173952498382,1.6188098363057195
0.5150197958262817,1.0,0.22090459098421086,0.003788664404380415,1.0,0.7168847535122151,0.7981462529540829
-1.0,-1.0,0.2220948088945356,-0.657269504334721,-0.044000933192165415,-0.2479988807004584,0.693986470780426
0.0030918961121034205,0.8853207889091329,-0.619598032138425,0.1308662143705469,0.7685045104099458,1.0,8.127974924368624
0.0969880847507943,1.0,-0.019122215339835547,-0.021635237776316263,1.0,-0.3258272053563064,0.762866689420128
-0.43531006552217055,-0.1442572682424515,-0.8670564863809886,-1.0,0.2042483520576306,-0.46553146962193465,-0.8260854775270837
0.9005584553540196,-0.39114871056992095,0.640996493063906,0.23571642959520744,0.017075944252079256,0.38933680469899223,-0.017320414818247587
-0.9778831907244679,-0.9335350839330485,-0.4478650906966417,-0.719297482623268,0.704653667132939,-0.06914451690490364,0.1786196804579273
0.7922465750040915,1.0,0.021988987921472747,1.0,0.07800466040246312,0.6264805715420165,-0.01965744293145366
-0.7186861565073873,-1.0,-0.9240621251228265,-0.9064473577673751,0.09769377118113401,0.7145461717423106,-4.096725556430622
-0.16612881237247723,0.4374808910330553,1.0,0.052738263438395494,-0.027749181600388084,-0.2803020444066202,-0.3840263094757312
0.6265111694218995,-0.8207355141396888,-0.7669435167551891,0.1344609899188865,0.5177564889784045,0.640181419422567,-0.6995152027175575
-0.08960178927817022,-1.0,0.21785970951370098,-0.28154556756449833,0.18760820395760364,0.5584363765820237,0.10667168196344631
0.6184587601043159,1.0,1.0,1.0,0.6941509793365839,0.0843344596934823,-7.167177210437004
-1.0,-0.6462434139940199,-1.0,-0.617672440530513,-0.3430832478703115,-0.5148388784853513,-1.4427123197697873
-0.17930237289239748,-0.09823117000907061,0.0166050674721942,-0.41275516240944876,-0.9538673140099911,0.32845827869717237,-0.07403110295428199
-1.0,-0.42904606906539056,-0.994866060052019,-0.8439080261937949,-1.0,-0.3480017196624027,-1.9075146159232392
1.0,-0.7817913974424563,1.0,-1.0,1.0,0.3409264587263459,-5.335180707121359
-0.6260213206569458,0.05845401807670356,0.911357534212499,-0.5053308712905689,-0.32249705357874187,1.0,-1.5803181193697244
-0.3494933602800676,-0.2601228319890675,0.9724360706323315,0.6014374829312199,-0.5165253141437982,0.3407449924152804,-2.2865848385531153
0.46973476054285535,-1.0,-1.0,0.14227738456482592,0.3799810513973638,1.0,2.2573717931082027
-0.4924502683003,0.19064548367163603,-0.8239909840934856,1.0,-0.8068169386790904,0.655740029220083,-0.1092973688085136
0.11875022135327518,-1.0,0.10132427330888771,1.0,-0.8368706532283164,-0.45973981806035247,3.910658893256765
-0.7522243747015889,0.12064298141594426,1.0,1.0,0.790319899453759,-0.4980410523857978,-0.3697253001759494
-1.0,-1.0,-0.6253042821276211,-0.6449591003961137,-0.24699491441961474,-1.0,2.648788647604804
-0.4126977658126517,1.0,-0.5530235328782361,0.40117985103172094,1.0,0.013281577496556785,3.4026387517739645
0.47642903578053347,-0.18440996138396815,0.8563070198184844,-0.24953476278155717,1.0,-0.39173501121372206,-0.821346534375883
0.49571089530681695,1.0,-0.39203745551560054,-1.0,-0.912526762438091,-0.3485877538878345,5.5485662475676
-0.8290179442586421,0.40128146752105204,-0.14988815023508545,0.315105120680948,0.5606494317773058,0.2426716077138525,1.5639492923800373
-0.8037823888980511,-0.14971166199887476,-0.6716344468650342,-1.0,0.1675241853815234,-0.06654247399958682,-0.309207720119729
0.6849860083415703,-0.22319060615857794,0.20273941887054586,0.5136207763945664,0.11877624447722179,1.0,2.7520653488608895
0.43010085345223037,0.11700764662187413,0.8771736999416219,0.8989595847989726,1.0,1.0,-0.44714478498772237
-1.0,-1.0,-0.20175875753740297,-0.5101687240961421,0.2818173136382758,-0.7601773130263083,3.2029631514377277
0.020786705256173182,0.13585576700589547,0.13044303873221708,-0.8430829291367568,-1.0,-0.6470186937035629,1.749945804862635
-0.658146754622782,-0.1334937597135008,0.0003534633909072493,-0.42001040266187784,-1.0,0.10206617148446862,-1.923826809154739
-1.0,-0.3265283489665842,-0.2060381754500361,-0.852771929836275,-1.0,0.574125048976873,-1.353483948592529
-0.846730834494247,-0.27561020478072457,-0.2047505702126104,-0.2406606546686299,-0.09383115363110714,-0.6309907151547286,1.4393869210090018
0.5683978271771046,0.27422876030223026,-0.049678792362796265,1.0,1.0,1.0,4.893505816008249
0.506350028339116,0.13035716084921395,1.0,0.6194795544976921,0.6134322229586588,-0.009896103420153679,-2.167373284097488
0.09601998919702592,-0.7893868967978204,-0.0717822419656402,0.6814912426108839,0.4016229051945337,-0.9597600154996764,2.1114045321107637
-1.0,-0.3374084833927664,-1.0,-0.2785325462326578,0.14896718496759243,1.0,6.152161741448201
1.0,1.0,0.9492331237405605,0.911515056911847,1.0,0.2851674454079782,-7.927810425607423
0.06213007117338351,-1.0,0.5446974683881005,-0.8143962844416106,0.4374241275724847,0.1376707286187997,1.2347416687499906
-0.29799420528820625,0.37916486673557687,0.07657075780370881,-0.1032444315986425,0.8279150090370391,1.0,5.186722098870267
1.0,1.0,0.9038949276778888,1.0,-1.0,0.20735352082592945,4.454069471018952
1.0,0.9106268417309087,1.0,-0.24326948107689894,-0.5932273394679872,-0.36014672346226373,0.6924730515787323
-1.0,-0.7251125337515141,-1.0,-0.8099760685061299,1.0,1.0,3.5711989423948935
-1.0,-1.0,-0.2231883774148118,-1.0,0.9237836763036065,0.6857228876271,-0.10580943493448769
-0.5632157120971932,-0.3069632724757282,1.0,-0.409574325145573,-0.8117671969304135,-1.0,-0.10675606814886901
0.08849169965555181,1.0,1.0,0.9580303271028461,0.0894933272344581,1.0,-6.324814118493811
-0.2299257317269432,-1.0,-1.0,0.8308185601646411,0.9439012212978417,0.28512495245558567,-3.158959020624117
1.0,0.4014963965134478,0.5074234743571959,0.28560954595879984,0.61094098662712,0.5594114114625375,-1.6571844896451333
0.4072748902388683,0.12626532431897663,0.42779808266986546,0.2131434914835622,1.0,0.41486482839203864,-0.5872798993684466
-0.12020127168575961,-0.1465917266841148,0.11997324710306628,1.0,0.3239118976395039,-0.19551430258561783,0.23776953223642244
-0.8517760377181618,-0.7084172472197099,-1.0,0.3198800903219541,0.34080287815466326,0.7780453009942696,3.146394632310993
0.7285526913807563,1.0,0.525194620066409,0.8338021482022839,0.3245374496506169,-0.21150435429155706,-1.166729886644652
0.8353332583812496,1.0,1.0,0.60167056293656,0.1515819703050116,-0.4905080070107029,-2.0112356764443775
1.0,0.1328439019707366,0.5757303059406147,-0.06387885806090715,0.18381575933886574,-0.9573217420855143,3.732810674106162
1.0,1.0,0.6641433997255759,-0.12997421994220737,-0.21356493202632104,1.0,0.8035301155389629
0.7318476975735717,1.0,0.07641528833708422,0.7316129275623345,0.6633333187466429,0.39541636266157476,-2.373928245829772
0.35001793960332456,-1.0,1.0,0.2132787922456263,0.4950202662417751,0.6896033220448148,-0.26971756622112175
-0.7343572897815205,0.3493279441870153,0.9187798431205513,0.06398721425977401,0.9972735304226941,0.6011423015869739,-0.8980412347769083
1.0,-0.04990313305605234,1.0,1.0,1.0,0.6966953808880132,-6.711748929354877
0.884735119576175,1.0,1.0,1.0,0.48823147298188807,-0.96689816225036,-2.6608010557923762
-1.0,-0.7378063670709812,-1.0,0.29574142189380526,0.6866358283164344,0.13330289036926035,-2.3945440449853956
-0.9334037351642426,-1.0,-1.0,-0.9707300921246271,1.0,1.0,-0.615271210811001
0.007919895021714085,-0.25201621322911993,-0.7163882577428579,0.9234523120522458,0.8937936469527181,0.6272025048394149,1.0053874498693003
0.8620425884400944,-0.33667988299559215,-1.0,-0.5573156418134322,-0.35460878250726,0.8110568615956486,3.901426956214982
1.0,0.6720559090377738,1.0,0.5953105820659914,0.6045911958751002,0.8452895472205124,-6.077153996786611
0.026077229378727695,1.0,1.0,1.0,0.34888871412009126,0.5917517999593371,-5.501987875767511
0.027366189860159373,1.0,0.1059889449100444,0.44996955535879346,-0.36981229473316796,0.34458983980756397,0.3926408371128963
-0.9377265611012835,-1.0,0.46450311589231685,0.6340233284311294,-0.9250085008817532,0.14233372717177556,-0.2422548486112082
0.12489497930135696,-1.0,-0.17594808371965098,-0.8069086753654728,-0.39818061097008994,-0.7305680216592936,3.125548643504913
-1.0,0.0763219323505347,0.30934412104443787,-0.9150008219352157,-0.5005361509449358,-1.0,0.6394507599535612
1.0,0.37905128295298707,1.0,0.6750115138696486,-1.0,0.4534280486561785,3.108851067836786
-0.22382075165819493,-0.3491392496429381,-0.5164052037463565,-0.11617705080471552,-1.0,-1.0,0.5933361588700564
-0.6981929903040458,-0.9896307887650011,-0.7297989479204019,-1.0,0.4223168220991771,0.9966374120974031,-1.635797714586487
-1.0,-1.0,-1.0,-1.0,0.4284823056300736,-0.44336379565890893,-5.122726848727535
-1.0,0.9071802510176752,0.287304443999588,0.8684618887897526,0.7000980174286476,-1.0,1.258298374323785
-0.660750817783507,-1.0,-0.8629699668557952,0.34802638611724945,-1.0,-0.2668070231481316,-3.7395046254239257
0.2672952382798479,1.0,1.0,0.05947182050479727,0.8881303694202869,-0.07738238779498315,-1.8238142921658262
-0.24819461510424579,-1.0,-0.8619741185812232,-0.5581110805757901,-1.0,-0.7211581250331651,0.6343357829937553
-0.011219923585041092,0.6541378149478936,0.3038531296869019,0.051377127724400395,-1.0,0.3047359835635011,0.6099640599604177
-1.0,0.55214727273069,1.0,-1.0,-0.2380792266375128,1.0,-3.741923930124064
1.0,0.8730116865917494,-0.5684522509684682,-0.6284046678495709,-0.739875918601692,-1.0,6.05835270504409
-0.28628189842699636,-1.0,-0.33317073348073833,-1.0,0.13518037301180086,0.39692766752948694,-2.718121764016077
-0.4774099611429812,0.982086718208704,1.0,0.08253725926213401,-0.3015048178224232,0.6091031072343935,-3.4330670975356394
-0.7744878456809448,0.9692075078979793,0.6108374311506388,1.0,1.0,1.0,-0.7775118229918931
-1.0,-1.0,-0.5276719026908174,0.37761868408388577,1.0,0.9263035149951803,4.466247891371955
0.29428967250163973,0.5208516585524938,0.4784188534995286,1.0,-0.8355288200585309,-1.0,4.664648885897419
1.0,1.0,1.0,-0.43627775748043296,-1.0,-0.26468486120561496,2.4417714271872972
-0.1096004631432369,-0.9021849878577515,-0.7452973077799439,-0.5727060501285937,-0.9810917229500989,-0.3069658036183823,1.667075582221115
0.25207071866569797,-0.34251665109898105,-0.07762618180168093,0.18916452445565446,-0.89925040223565,-1.0,3.247942490325493
-1.0,-0.43468079419952543,-1.0,-1.0,-0.2660847478686196,0.8554466045659732,1.3326316332875032
-1.0,0.044182726343554135,1.0,0.758135345512449,-1.0,-1.0,-1.5855768205923562
-0.7880187951285889,-0.054260254242872674,0.1441217991608545,0.05431088381262075,-0.15711082056818837,-1.0,3.2334798632823096
-0.3832672354144608,0.7093983080283023,-0.5325752891999542,-0.6810516406187358,1.0,0.7732349029760448,6.4837264433130235
-0.2668013128610094,-0.8898210593956073,-0.34812894860225563,-1.0,-1.0,-1.0,6.3704234087764675
0.9783756132673392,0.01401869846366699,1.0,0.590841361544401,-0.458465549380767,-0.45625613869964865,2.9371991865260867
0.7093153967963891,1.0,1.0,1.0,-0.1470205637602583,-0.7113033049732975,0.19740515765792369
0.0832120791104125,0.7097125158990754,1.0,0.2904084457180718,0.42329243865909333,-1.0,0.27574348600975696
-0.4718985679897603,-0.2964515309150599,-0.7224664201716273,-0.15274973192755012,1.0,0.3714070335298756,1.1037990238525117
-0.08459169863058458,-0.18338554095643927,-0.7698775643676835,1.0,-0.8180708039148499,0.7961227793171411,2.438379179191486
-0.718786647805137,-1.0,-0.6442826577148044,-1.0,0.4815048096985033,0.10288135257894893,-2.850650567774565
-0.07393072431795411,0.41174839279921405,0.6877266401610245,0.32531246136673775,-0.7792820521619813,0.8894171416324715,0.8433879204727025
0.6036960331618505,0.5075151866592726,-0.36905557044099097,-0.198333010458139,-0.3652243740022252,-0.2402707929823353,1.3957778045210207
0.6259708206918292,-0.8120773264801981,0.5920675422606254,-1.0,-1.0,-1.0,12.433409372524967
-0.24584831040482635,0.21199437113457498,0.4146910445020485,-0.057418113774181545,-0.06010862610911144,1.0,3.1412772584101
1.0,1.0,1.0,1.0,-1.0,-0.5109297222118694,6.676620583819193
-0.11034332102626873,0.9288936558728884,-0.10105726758895688,-0.8445612021870318,-0.08000936086542414,0.3398833661475166,0.26711063040428007
-0.22009455078315987,-0.5105426705278984,-0.36388919671991876,0.6829382470702346,-1.0,-0.610645432421842,-0.1969121665643342
-1.0,-1.0,-1.0,-0.17723669382707885,-0.08112103742378485,0.37131883714832836,-3.8872600860940185
1.0,1.0,0.980863108014304,0.24078552698712907,-0.04376476678289665,0.42474173117732716,-1.5273303031213852
-0.1568650439697883,-0.4604956364540651,-0.02382939942385931,-0.19157407865840514,1.0,0.019413300386369237,1.4995273210774132
1.0,-0.5796316720473227,0.6781415087466822,0.17198775286444712,0.43691160033201426,0.04612849884960324,-1.117953029783175
-0.06286728271774589,-1.0,-0.9592422066714026,-0.12167040920070993,-0.573599613123251,-0.5361882135854734,-1.397039132130947
0.6037966540776379,0.5793238549308853,-0.6599652710798048,0.9202344243030648,-0.035928630227640035,-0.14241954120195977,0.5835745645541411
-0.34567866991728247,-1.0,-0.5815427919954506,-0.9494557214988002,-0.9426033180871156,-1.0,4.54485259342243
-0.6240275479323985,-0.8966058901669492,-0.33019086247112395,-0.5675800494606912,1.0,-0.23821685852930208,1.0267229639182822
1.0,0.5016594967344878,0.5093619105823242,0.11662707147536122,-0.04754767341072039,-0.9921408260209865,5.786545365001255
-0.8200021698592712,0.6389783761584805,-0.48029455792237963,-0.09706616239528065,1.0,0.37600117206622885,2.977428557109641
-0.7267155193143058,-0.7468458703396198,-0.5867355302797235,0.4174607337639446,0.03084951261254193,-0.3343475719193757,-0.5349912039151776
-0.49021664098316525,-0.610843276516007,-0.709762009322031,-1.0,0.4143709781950292,1.0,2.7157505586567257
0.0887941738082616,0.9282282990994388,0.61574345634996,0.7128824284889439,1.0,0.7006651037099837,-1.2182983559296217
0.8331602547288528,-0.10231599964969706,0.6002684786330993,1.0,-0.06660889175300588,-0.24338314002360817,0.4136057243356214
0.021284559229686195,1.0,-0.15940152193937396,0.9552105986420338,1.0,0.034825777291100146,-0.1776983647085033
-0.23798627696254515,0.8146672755810411,-0.02014332789710359,-0.02098047229062794,1.0,0.4013729673363007,1.5678303361435801
1.0,-0.7651716947336009,1.0,0.23967867684571442,-0.16484844956846664,-0.11293035919739663,3.4872473144707516
0.6567761354045807,1.0,1.0,0.7601213334474941,-1.0,-1.0,3.9315927571416003
1.0,1.0,-1.0,0.9411917105661463,-1.0,0.0784206836922543,8.598159774913348
0.5214659147144193,0.7416699529999895,-0.5374921979593326,0.8927984287024193,-0.21809479583555053,-0.17219844921023486,1.647999438218187
-0.4965330037677296,-1.0,-1.0,-1.0,0.8627188809563854,0.7369745715384477,-3.8589174614086117
0.16885398519822611,0.7384284934611598,0.8437891394691837,-0.019342608574095754,1.0,1.0,0.4761386759715312
-0.9896123133053744,0.4560009142480538,-0.7781795061639065,-1.0,0.8314283710053508,-1.0,5.076056970153249
-0.5956426962529741,-1.0,-0.011118993199965121,0.6740257839136401,-0.4765545148322532,-0.42047924142548654,0.11074843496672027
-0.0879404987434329,-1.0,-1.0,-0.942183320067439,0.3904315018156796,0.7600664657104179,-2.853530914814046
1.0,0.039217366851949986,-0.36854306768122447,-0.2787201230204961,0.19554211068692065,-1.0,3.4462434159414173
1.0,-0.5265063714758516,0.07052511272292913,0.36764868756050473,0.36967445735311355,0.005429014861836112,-2.1153629541753274
0.085652060052122,0.49465146969567475,1.0,1.0,1.0,1.0,-2.0546395711368466
-0.823467078721673,0.37449121058969786,1.0,-0.7560536497075243,-0.8821737012727298,-0.31121700486972315,-2.587746503768576
0.5565733542736312,1.0,-0.21926229458366225,0.1544485634330255,1.0,1.0,5.553668980499671
0.4093924362211272,1.0,0.2579166835114639,1.0,-0.8221955703775611,-0.0225694874150959,2.5903836109040546
-0.5266504124847808,1.0,0.5780296947899407,1.0,0.04049247155879196,-0.4197389059703399,-1.517940021207349
1.0,-0.5464809996437956,0.25398284240000746,0.17060194411342033,-0.6489569276940603,0.18716517847216607,1.0233144253336397
1.0,1.0,1.0,0.585474463874869,0.23118038830465482,1.0,-6.205068356196391
0.9315267762420615,1.0,1.0,1.0,0.5201302860341133,0.4180185530400178,-7.777963384371049
0.959572312720528,1.0,0.9111151779349447,0.1511598037543056,0.19186104284867866,0.8068373839309695,-3.9365285087785042
-1.0,-0.668659928020267,-0.9681921445925274,-0.43971642292165036,-0.2566637764147873,1.0,3.913662874763803
0.18451993745164752,0.11582909211601988,0.7514599201103933,0.6396667488511639,-0.31311502342997755,0.2197700501706652,-0.9459460691159203
-0.5478352801959528,-0.6899917542630059,-1.0,-1.0,-1.0,-1.0,3.720847995386216
0.9124437719796146,1.0,1.0,0.63185854483336,1.0,0.7958122905727352,-7.504152864398407
1.0,0.5679693931287476,1.0,0.7230635175607005,0.6870451322972873,0.7608294534091137,-5.559917985217418
1.0,0.9568041864965537,1.0,0.716898933919338,1.0,-0.5818934111287342,-5.520607305807393
-1.0,-0.4752604663801925,-0.27294523155500794,0.14767566009054744,0.27377387005793286,0.12162546951855996,-0.09047787994919021
0.4206409648426447,0.1592946753353479,0.7845984428437618,1.0,-1.0,-0.9175625745161522,3.454032538596115
0.7156841364262694,0.3426975034530153,-1.0,0.4476570209807397,-0.22681955241261953,-0.7233257433217006,1.4577352746783518
-1.0,-1.0,-1.0,-1.0,-0.22205166728759074,-0.1435715392630037,-5.593772417401981
0.284395247358183,1.0,0.06606679827700224,0.9015381144039547,1.0,1.0,3.978090457258223
1.0,0.5741190354281168,1.0,1.0,1.0,-0.10182348787463212,-6.215465161555223
-0.8747799329007997,0.5236526633569629,-0.36925202137969504,0.844745298799584,-0.774994429324679,-0.6632633742051667,0.04715518321537443
-0.7983846478977171,0.11156377375108661,-0.9340634408632422,1.0,0.7803031863284016,0.9034131244512593,6.743451462495715
0.4517056958255871,-0.08935176661131816,-1.0,-1.0,0.1451786743744653,-0.11600050720649446,-1.4822954709286666
-0.6350235943853519,-0.9926310017295099,-1.0,-0.07474813874896757,-1.0,-1.0,0.3488084813148281
-0.7867351106002476,0.38359175790432964,-0.5382534249148603,0.23611397284703006,-1.0,-0.8382185269636417,-2.2398010802926747
-1.0,-0.7871915813204,-0.2001811705747094,-1.0,1.0,1.0,3.1596795203112213
1.0,0.8763671802532333,1.0,0.9157604897301819,-0.8767620428012,-0.011718001422718727,2.982504762715726
-0.12371821903979763,-0.9112308590975241,-0.4424148420651368,0.92615861423096,1.0,-0.755085307008543,-2.6821189149565408
-0.8417723966410804,-0.15582521611078276,0.21868672892545504,-0.0006492385012254465,0.7498095882344302,0.007479824262573098,0.8890807254500857
0.7510215171402777,0.32084414419495233,0.06744645025305385,-0.031621741143035176,-0.04237202271000726,0.10065134834102649,-0.5231497921025444
-0.7197495219401148,0.6681438533176371,0.8139039069295562,-0.6551971781699044,-0.08838632942831759,-1.0,0.6304395353856874
-0.9569458495100328,-1.0,-1.0,-1.0,-0.08133135202526165,-1.0,2.85063691453348
0.29906894899355085,0.33534400045209384,0.31441578253821023,-0.8365017693776554,1.0,-0.8051924935867203,0.80212656304235
0.4871451579457402,1.0,-0.28340918202539167,0.11598184557531221,0.6393534076955165,-0.014358324191253963,0.20336521898522586
-0.18542150481495834,0.6025845488559064,0.7731642775994343,-0.56888161328391,0.9419610687382045,0.0724044068498208,0.18362414839994556
0.1616024768479476,1.0,1.0,1.0,-0.22301906054543014,0.8474132039429224,-4.920832275440469
-0.6144093137920539,0.27991636973865286,0.4027631294787163,0.7218575973364361,0.641436106735662,1.0,3.708409780338058
-0.385061194754329,-1.0,-0.6384535996740721,-1.0,-0.48310857139596664,0.46906644399256914,-2.3131756012891995
0.2639091927707994,0.16844713711822987,1.0,0.8977682692964398,-0.8368702450393242,0.5065836646349107,-0.9706105004562247
-0.5187868318414636,0.6536098288938228,-0.3423802531053759,-0.10082170466729323,0.257764914291176,-0.08252933263338669,0.18705109811572868
1.0,0.8047163800604991,0.11751117246711723,1.0,-0.35265993895994896,-1.0,8.131478439619094
1.0,0.1855687877070319,-1.0,-0.8078125519377732,-0.14972052371745193,-1.0,1.9816144247163698
0.3264160072608099,-0.8885469621216404,1.0,0.882028069037931,-0.2083070501551445,0.854842025356414,0.3136549834785056
-0.05144195748811292,-0.6982633480500038,-1.0,-0.7705905058061149,0.3676734749254813,-0.27106483944513793,-2.283892148784381
-0.0060215238804482984,-0.4863354207109569,-1.0,0.15746608030062648,-0.6236635763456706,-1.0,2.8936695434754207
0.3405985436015196,-0.4074989472370215,-0.8484691324253122,-0.8180069955306668,0.6280969581505379,-0.5991821755882768,-0.7524570017154142
-0.051415718147855616,-0.18186416815389217,-0.41426603194620815,-1.0,-0.8580065434991423,-0.3763520005968046,0.8176666973655808
0.10992611443495903,0.16638847342474913,0.7727355556837731,-0.11164610856580137,-0.09165995007537392,-0.16501503202037238,0.2617843777206315
1.0,0.42986872596479375,1.0,1.0,1.0,0.5570956940726258,-7.262404720238729
-0.8122382605794239,-0.7771331800242625,0.9584540286794307,-0.48524848860854264,1.0,1.0,-1.7385144681074183
-1.0,-1.0,-0.3274540360930648,0.19345847874628008,-0.01951369300373318,-0.2263289445703811,-1.5975431602378531
0.3708837275031049,-0.6157096308198899,0.9967293128841088,-0.8647266503982539,-0.6975397406089219,-0.17748285488942706,2.917899017009716
-1.0,-1.0,-1.0,-0.0877622811516634,-1.0,-1.0,-0.26622518516524685
-0.43057634687363927,-0.11914705839089224,0.14267823852656658,-1.0,-1.0,-0.799032512263725,1.429947791541765
0.049142085968718496,-0.5583957850147772,-1.0,-0.33550568161055083,0.8785177092490943,0.4040056936961773,-0.6730158140017604
0.87131583759058,0.3176454369367713,-0.18747059549492706,-0.6621598500673443,0.7798796764046207,0.2879475757292034,-0.8521920624013273
-0.21598168368613835,-0.9988404230064487,-1.0,-0.057310919647687975,0.07299719819844219,0.18816662336332274,-2.9104722778416035
1.0,1.0,0.7432274504370826,0.95910595242264,-0.13486007941841216,-0.4706223772648672,1.0205146193316323
-0.17591437867020776,-0.2674354003683279,-1.0,-0.6357581788745981,-0.16238256071514545,-0.7834604613996998,0.6500779317386823
-0.42791608271242765,0.7909945745352532,-0.13040925347302956,0.2429075355681944,0.7652250217689649,-0.2861260654661364,1.1255786490885922
-1.0,-0.8049240347073223,-1.0,-0.45682101567825795,0.1162543026303896,-0.7126607809786119,0.39419483972543995
-0.4529369333363296,-0.24887910603388305,0.09182687098524966,-0.2184878373763821,-0.11274809413678555,0.5158596331598829,0.1315182443712422
-0.12143832730146682,1.0,0.20288283229412024,1.0,1.0,-0.25789123648096024,0.3210243778644981
-0.6890409427479733,0.061449854034430484,0.7747584288346907,-0.2466976588011447,-0.09577112424859391,0.07799722920756624,0.21554641885189385
-0.7155343375914351,-0.8680576977153677,-1.0,-0.1781976875500384,1.0,-0.6478802072634525,-1.109427600075433
0.9019034278337009,0.2041287072168668,-0.5627846816412065,0.05859289218114955,0.6887228780694026,0.4862115544461352,-1.170750478800246
-1.0,-1.0,-0.2150825031795045,-0.40118048300188974,0.942674449866113,0.8684424303047871,2.7148311387506148
-1.0,-0.8399545294590316,-1.0,-0.2547301089146492,0.8922464334130646,1.0,4.7097216591571405
-1.0,-1.0,0.22741397712190262,-0.879092420414715,1.0,0.26534611949477044,2.1801663026229363
-0.7901865668099535,0.7531247371359119,0.4717293755473717,-0.15997573913123664,-0.20023886989868522,-0.2698394895577003,-0.10630284992485362
-0.269254376460333,-0.2298702678259953,-0.0247377793432339,0.5393682883625497,0.6066230595831602,-0.6855246089867602,1.061053488161444
-0.803320478741803,0.6599434600880926,-1.0,-1.0,-1.0,-0.7940427129679035,-0.0827844022722759
1.0,0.23054065748897346,1.0,0.9461121499718526,0.2909083511088405,1.0,-4.681436426597006
0.420023709269864,0.29656914363901576,-0.6688730521738291,0.009684902722719269,-0.183745668432096,-1.0,1.1845948501394423
0.3959177731019016,-0.18592729584547857,0.2923942253060151,0.4664319618558787,1.0,-0.44051135380520295,-0.7960413098438955
-0.7912582910486333,-0.5592048307483019,0.34830146292414843,0.3314959881261679,-0.5553128022963725,-1.0,2.211037341261412
-1.0,-1.0,0.08420339765798235,-1.0,-0.4966956692529033,-1.0,3.698010048802557
1.0,-1.0,0.6388864756560237,-0.26018857635539305,1.0,0.1806795002986732,-2.1081679964119098
1.0,1.0,0.9197705269834846,0.03836871480709103,0.07909405446604378,-0.418354579830563,-1.311202206220945
0.6523101518971575,1.0,0.7592052028869989,0.9144022679460027,0.35676401868055113,-1.0,0.5007268883295714
0.12318495758844084,0.6403707611432818,1.0,-0.5535353078233851,-0.5681792304196294,-1.0,-0.8920920418517773
1.0,1.0,-0.16102164182088732,0.7884499188353368,0.08315318736557281,-0.18160821306920316,1.2779775031852734
1.0,0.5524104457120234,0.8787034587010036,0.4942271504012935,-1.0,-1.0,7.218708307665313
-0.3225801338631259,-0.9030922760368096,-0.8734351383078018,-1.0,-0.3982300219911632,-1.0,3.435300815061994
-0.5665424983084224,0.21591812584027498,0.1513982502997714,0.39159864419717155,0.5126870530971743,-1.0,2.999258156741281
1.0,0.4898900472560628,0.0028176846511276388,0.3568309368035726,-1.0,-0.5759217427803964,5.1367908718265
0.9345056960650957,0.6297518117059335,1.0,0.3726706747479669,0.6470894302333217,0.9982927354363771,-3.729910890523425
-0.1326606748445851,-1.0,0.09307127281371891,-0.237493670292672,-1.0,0.4346740934900216,0.8154644164420881
-1.0,-0.9231247909474951,-1.0,-0.17688058270179452,-0.5871704733320171,0.4286392918151175,-4.214453557739472
0.40393240642735084,0.7771613983920143,0.07079846910389231,1.0,0.4180338598179598,1.0,2.207912560173715
-0.5608162904487475,-0.8742152158430695,-0.487451541683364,-1.0,-0.25432067599685493,1.0,-0.14345524150459282
-0.530641797906319,-0.08990601039827373,-0.5836301957983911,-1.0,-0.19969758366485052,0.7720725024802216,2.1097687420471924
-0.8420726554743276,-1.0,-0.5569548989413194,-0.8852514746045974,0.6643322393580254,0.5592258945308843,-2.8337839590106695
-1.0,-0.7581210097134583,-1.0,-1.0,0.937779975893277,-0.08671828678021765,-5.4392179772563045
-1.0,-1.0,1.0,-1.0,-1.0,-0.27541693341053675,4.670040723812907
-0.030801086640357994,0.783096722085833,1.0,1.0,0.07561186820857713,-1.0,0.34316847253569194
-0.09960860457600651,0.510509172163377,0.1559150754239928,0.17779335290657966,-0.14025821792257248,-0.30188951620333115,0.1744533389492849
0.5559324430939137,0.9639746574924473,1.0,0.889186650027092,0.5533344282840473,0.37768841023745786,-5.979174258883726
-1.0,-0.19281050139793332,0.33280656365359085,0.638907102269773,-0.8501313790681655,-0.3185537387806051,-0.8615021717790964
0.2868061974866051,0.8078798342447757,0.28099390400481694,-0.15535510210560166,0.12308226923906873,0.9979543863010064,2.7851197287931817
-0.5343467139097798,-0.427673933828182,-0.29237474535310537,-0.5480174635996296,-1.0,-1.0,0.5125818037607953
-0.5578820406227982,-0.974131204629133,-0.7243544588553119,-1.0,-1.0,-1.0,4.416382186255907
0.6854705002070636,0.6071641510316047,0.4845932802876791,1.0,0.00416792922492959,-0.25608359274023773,-0.2334620791951354
-1.0,-1.0,-0.020806982614293812,-1.0,1.0,-0.9923490707881462,9.298849824141579
-1.0,-1.0,-1.0,-1.0,-0.94570379213326,-1.0,4.257581474652918
0.3962738265777572,0.8335524349353565,-1.0,0.12614804345975295,1.0,1.0,6.896626815320974
0.8425664767835024,1.0,0.4201433885862724,1.0,-0.6795195533376415,0.951287853605873,3.815294109513852
1.0,-0.38384749678841196,0.05055664164763002,0.008015355908977617,1.0,-0.1095935196431086,-2.7952812607416604
-0.35840620457152195,-1.0,-0.9071903085154092,-1.0,-0.9166261851352264,-0.4279499217406958,1.623040240039576
-1.0,-0.4995929966943672,-1.0,-0.3855594122881456,-0.961231417691058,0.48267282311065896,-2.2873181445303015
-0.6479911324626286,0.10273015995419793,1.0,-0.25649339607501087,-1.0,-0.20119226427866121,-2.238108912488735
-1.0,-0.07416712794311775,-1.0,0.11782731201507485,-0.4448497406211099,-0.32257025199154077,-0.9086047882289167
-0.44783911901996976,-1.0,-1.0,-1.0,0.16485354377301997,-0.6047090508859105,-2.1006256629913844
-0.793523070872598,-1.0,-1.0,-0.5930641220562345,-0.14613087829377358,-1.0,2.8523702881896553
-0.7376412896280731,-0.36690018747740294,0.6909839167792864,-0.78497910858283,-0.3817894755493345,-1.0,2.477851775022444
-1.0,-0.5343910117408768,-0.8438387031440497,-0.7129025186359415,-0.9891945156656134,-0.3522785363685803,-2.021821336537876
0.06216861124872197,-0.06275747068455367,-0.25250731945220817,-0.7325627329563629,1.0,1.0,4.189202660031452
-1.0,-1.0,-0.9702188661122944,-1.0,-0.6783526139147641,-1.0,3.6006253562930195
-1.0,-0.5233665196360009,-1.0,-1.0,1.0,-0.6025643726086983,0.0386022439868553
-0.11738091211973345,-0.10989991968899959,1.0,0.03903167767820881,-1.0,-0.1609881068900677,-0.9522129297168441
0.430762005495803,-0.041730192419278,-0.45080000288080047,-0.07580823519135554,-1.0,-1.0,3.3084494907869693
-1.0,-0.5035992559390726,-1.0,-0.3005849641307948,0.8557293858084081,1.0,6.272505999159726
0.7291054606109428,0.2673640362232318,0.5335729330528411,-0.17992885396295244,-1.0,-0.22122641607065752,1.3813970862727054
0.6501601597508011,0.3121322487037619,0.6643241008911918,-0.30249409727165427,-0.4809936249723664,-0.986220756391345,4.157540242278112
0.2270140244681904,0.6283869600800793,-0.8340745139169727,-0.4394697802357137,1.0,-1.0,-0.3089576182959391
-0.4426392520077328,0.4042168840818566,-0.8525709680718565,-1.0,1.0,0.5417797863928981,5.0487579370160995
0.3912584976776713,0.44206722893179295,1.0,1.0,-0.4354956785670497,-0.014560492547728551,-1.3870380367392183
0.08342576636356358,1.0,0.5932487883301352,0.06114141276975729,-0.34028241740873,-0.8466966819247079,0.6753150089881375
-0.036189038402120954,-0.2649864584092987,-1.0,-1.0,0.1540846677905425,-0.42363717468136863,-0.9947890499733448
-0.525918004489851,-0.1079036986598112,0.2682182620375251,-0.5039511869329848,-0.4367247843559279,-0.7141458955555191,0.900891079635524
0.0736058240231029,0.04996627026924988,0.3158057353629473,0.43884105764856607,-0.77354220797555,1.0,3.01023131483099
0.6481395107966508,0.46171999672470515,0.01691879149419913,1.0,-0.5317493717741807,-1.0,5.484341810931347
0.8388753249649507,0.7868970197578231,0.07631072805358174,0.012569698358383896,0.010046190504635538,-0.8683366294248024,2.400039836196851
1.0,1.0,-0.4678783717857641,-0.5046088019676169,-1.0,-0.45880530194699787,5.657412464186059
0.5872762323712182,-1.0,-0.8414720544026144,-1.0,0.25710458237774475,0.4142548182422361,-4.339497014291425
-0.4034819747899787,-0.12323592419292778,-0.24932113060196603,-0.32791308226552873,-0.6843607553314504,0.13763594356926356,-0.894444903712881
-1.0,-1.0,-1.0,-1.0,-0.6759377425593296,-1.0,3.3234963079900295
0.9414039111644011,-1.0,-0.901465250776956,0.9512474935697224,0.7351292543937434,-1.0,-5.1515052052312695
0.24103084547982478,0.6495106090754079,0.6310327791892645,0.6315247384793773,0.3081586800442383,1.0,0.4987908259816697
-1.0,0.9415725209330844,-0.5138542329893876,0.04010266341383574,0.0018823146805369007,1.0,5.593283167750938
0.2855149436278094,-0.3109657023516097,-1.0,-0.3280283632072256,-1.0,0.8559897514609246,5.29294569935017
0.6413234875344704,0.3308987752506619,0.9254358865706982,0.40320327149619184,-1.0,0.05553834638759103,1.3070169465759995
1.0,-0.17768140460025594,0.09266710803975653,1.0,0.4780644100760294,-0.39708903898103226,0.12921417798217616
-0.815440470785876,0.5947826226616332,0.06511192705607605,0.17097603020806842,-0.9782622590806369,-1.0,-1.2120806977579224
-1.0,-0.0973583934599237,0.08437195694121513,-1.0,-0.4099039085566004,-0.06318370905163873,-0.9553047570803539
0.29460827916365306,0.5099238328613561,0.4802480097877351,1.0,1.0,-0.41665645102937054,-0.7682325938613983
-0.1660513660489189,-0.23254065122181367,-0.7231632828170831,-1.0,-1.0,-1.0,2.2269764125255977
1.0,0.569508294948597,-0.3370352603407666,0.6430730023408409,0.3170984115589116,0.3463037572521745,-0.19948118464967712
-0.13016603358125844,-0.11359198754588762,-0.8228552183887237,1.0,-0.6171213420014023,-1.0,1.1536197277688989
0.996180297842104,-0.4798403065171304,0.3960586070947855,-0.7490001645374887,-0.5400327378708936,-0.805504975219989,7.225891128441196
-0.11856099157683986,1.0,0.1548530326523976,-0.24312540920993936,-0.04458399560108228,1.0,3.664893412601766
1.0,1.0,0.5051598974373952,0.02734013834935145,0.18412780182568433,-0.5797001716970467,-0.17157383281737315
-1.0,0.030181611095169147,-0.35020957597441793,-0.42030298656689347,1.0,-0.662057932266852,4.380978792956419
-0.19520797437678472,-0.8543424794134722,-0.2453455337209105,0.03889804264178426,-0.039011455116745974,-1.0,3.1971039493336657
-0.009463621562695979,-1.0,-1.0,-0.21531536536680607,-0.9361971535896442,1.0,3.9705749100736503
0.1383363933381634,0.21330976502093651,-1.0,-1.0,-1.0,-1.0,1.320873359662324
0.7376014602517541,-0.18620623963356786,-1.0,0.08902076862363018,0.11243738303972967,-0.6173560659631488,-0.6784363473496023
-0.6848230599292421,1.0,0.5425769564871579,1.0,-1.0,-1.0,2.1341453437966833
0.14361019198773634,-0.9392475727979303,-0.018675681030642544,-1.0,-1.0,0.680034661556365,5.984685410527924
-0.9847428779189924,-0.11387541663873268,-0.32274063909715833,-0.7221763059079124,-0.6479400107244868,-0.8442389783824393,0.8860659523886405
0.3811909226214345,0.5608134845564857,-0.8059097362651513,-0.12346648924808767,0.20891887424922423,-0.9308853132319874,0.035966783353679976
1.0,1.0,0.4175246306480754,-0.2478492248846114,-1.0,-0.700217595596959,3.617681742785454
0.17791313544030074,-1.0,-1.0,0.40115515609175084,0.5304642233314767,0.8198768867009858,0.16557568282078028
0.13440218886045918,0.6744576521796298,-1.0,-0.28095265017421445,0.5094211255758436,0.03599454099269794,0.09763535471952378
-0.06904820772699843,1.0,1.0,1.0,0.5683562814550271,0.9668462351910767,-6.516896181275984
-0.04848985573713138,-1.0,-0.528179380029115,-0.5977734178426839,0.5262242710900855,0.15303277135021648,-1.265123433167651
0.07207522609238842,1.0,1.0,0.27619706206962036,-0.23015650236826113,-0.7380646964460207,-1.6456618042019402
0.1589589104425339,0.48749058076514395,0.30206904989901573,0.10868085679360551,0.6500793650805092,0.5593081980674985,-1.4104536006477728
0.8638960164697917,0.49880494344907345,0.3926352273434699,1.0,-1.0,-0.5773965845059522,5.562382596932168
-0.6107958258649882,0.7356626329928913,0.8811853707887756,-0.17525157380443154,-0.13825955571082793,0.1743237227078862,-1.0460014811532667
-0.3563391125344136,-0.5214542281913414,-0.10508673046906716,0.6772500847819233,0.1385470086248592,-0.40569460324445117,-0.16459339483563462
-1.0,-0.5420759363819398,-0.5319169708898726,-0.3299535694081247,-0.8527684084491081,0.20616673999322244,-2.152699202644105
-0.5099690401002265,1.0,-0.9460027159337528,0.4446351978936114,-1.0,1.0,9.373158417340841
-0.5503589598246862,-0.5330283523002525,0.5775493233037815,-0.3480759303132353,0.9394289970744616,1.0,1.2421815112983132
-0.24362820816283307,0.8259884977907157,-0.5671922314340574,-0.06113842982373141,-0.08266049415890592,0.02888333297595136,1.3239922901636791
-0.19995251974956385,-0.8210120572167603,-1.0,-1.0,0.2662113724404971,0.6571931518075718,-2.8956341630577813
-0.5921755198114931,-0.6709200015001568,-1.0,-1.0,0.33968914021664,-1.0,4.540564169005279
-0.8019591851266772,-0.17069258230758994,-0.1098997188973454,0.7350428917159783,1.0,0.27898357777539307,2.7167758471773844
-1.0,-0.48982250483902656,-1.0,-1.0,0.4138121334151018,0.6639739998232823,-0.42384376280418185
-1.0,-1.0,-0.6915839243279012,-1.0,-1.0,-0.4428103677307822,1.7571353364405193
1.0,0.9650592016830482,0.9120826856685288,0.20661629601306228,0.07643390625231627,-0.13901387542845067,-1.605759885232758
-0.9024785027866671,0.2574086047470263,-0.9773186916484803,-1.0,-0.250027829395284,-1.0,3.281409489710991
-0.1573884594053792,1.0,-0.01695426022235591,0.683746448414969,-1.0,-0.4680835672173973,2.1894927679321725
-0.41242621945686087,-1.0,-1.0,-1.0,-0.44712163660887805,0.3473692670186918,-3.550430148704846
1.0,1.0,0.9037159960039352,0.27219939675345395,0.04516729529059604,0.5396520641239076,-3.175554645230895
0.432338664170806,1.0,1.0,1.0,-1.0,-0.34575245972862856,0.5957006158817969
0.9477648043676127,1.0,0.5588812651055409,1.0,0.12547828446849296,-0.5263829908672002,1.1986961818679174
1.0,0.7194763346474089,-0.6239224345500918,1.0,0.728692811328062,0.08841788413709983,-2.209924241563528
-1.0,-0.1504358516599037,-0.9503897465602794,-0.36471144516591625,0.32832698243704217,0.4537072952854943,1.396278941017782
1.0,0.05601316880408791,0.12938527247710052,0.4642117167978612,0.35934012401273946,-1.0,3.3180158094633225
-1.0,-0.5374736867044059,-1.0,-0.8883438347924577,1.0,0.35690532623954696,-1.7259289169431262
0.7474684773713751,0.38430938474564746,0.5876683362759205,0.8473884391861971,-0.3609676912621412,1.0,2.0531679907779496
1.0,0.7594467728729688,-1.0,-0.8711074504657369,1.0,0.8573416001707925,3.4372554287100243
-0.8592919961044311,-0.1822906151340555,-1.0,-0.4229018981318384,-0.9832663261203494,-0.8443228207602396,-0.49789216591897784
0.978641142121703,1.0,-0.4299351042331351,0.7284547294834969,1.0,1.0,0.6870545668434913
1.0,0.05510409976807207,0.5504846019566512,0.8343911550376344,-1.0,-0.5515312701648698,5.7928539090834095
-0.4074094413592073,-0.5356006678294136,-0.23954956059046173,-0.5395916604342439,-0.9437881294771048,-0.7132088127753364,1.823328176813275
0.8115690144941529,0.9635354430438805,1.0,0.1045025800368799,0.13243310835241762,1.0,-4.3337284014251
-0.5473984614861647,1.0,-0.2122677685351907,0.18069084788249068,-0.8814062726541281,-0.40625342487561655,-0.9452127866848115
0.6047468216397858,-0.27680552303874634,0.25892767044893705,-0.9783355327021834,0.3641440918245765,-0.9879426352834946,4.425493472739022
0.06107456458480579,0.23105419463996915,0.5759165400927841,1.0,-0.8887661944062257,-0.41768876088911644,1.366623791523518
1.0,0.4523190719680401,0.2590383079809202,1.0,-0.09385412225828377,-0.4637860022096505,2.3375616776571446
1.0,0.61749533542961,1.0,0.5509620151772907,-0.3868571924924315,0.9303359909222894,-1.11979277043385
0.7317472197688148,-1.0,0.49742380554140697,0.58127304563811,0.3006276352008561,0.9692471480599395,2.2311325088399503
0.829593521695321,0.4945125839999208,1.0,0.050298902556824454,-1.0,-0.13705521957360522,2.2281874187047386
0.53145202942182,0.1862059931586314,-0.4056133036086753,-0.07240142835792157,0.43426636700680477,-1.0,1.8185283593052441
-1.0,-1.0,0.002311298703544934,-0.7076972096524067,-1.0,-1.0,4.11690085933397
0.461626450186335,0.32070513147349033,-1.0,-0.9718106754195597,-0.09792799385030437,-0.07876300647034344,-2.2135664019404926
-0.850703188152049,-0.4960647639117439,-0.06048642644774606,-1.0,-0.0927089525566972,-0.13591127296142735,-0.003484729968160516
-1.0,-0.40973425523620866,-0.20117113889813654,-0.0454709668745108,-0.5049130502751509,-0.13298795981857492,-2.256926830561704
0.22113301851736197,0.7055879846195747,0.5446402384566271,0.03446945350270181,-0.7440440136607234,-1.0,2.551523645299522
0.7708145543893741,0.5105403293511843,0.7225663044679345,0.8154285758954618,-1.0,-0.7502756910801784,5.3040712045864264
0.6573508017729373,-0.046569826847301696,-0.20640236926952826,-0.47051879955711795,0.37570731952174324,-0.6407851960099675,0.4049753628735736
0.6323919162323139,1.0,1.0,1.0,0.17233870950065278,0.2858329054578773,-4.5667578076745015
-1.0,-0.8934000145583467,-0.17420793006275737,-0.4561678045591404,0.10160075582291728,-0.03649743171209874,-0.5208047437770232
0.5456566581453263,0.42177742787264405,0.9636844005270401,1.0,0.22959392892243713,-1.0,0.816300945133072
0.7108654774763145,0.5092420994950693,0.9852797104828113,0.479376365430097,-1.0,1.0,1.3955285530184645
-0.06015429830431418,-1.0,-0.5852634349391992,-1.0,-0.8807689237377274,-0.4137701498807264,3.8037532824313187
-1.0,-1.0,-0.48199194641978327,-0.8738451281429356,0.19502267192148964,0.6802922937268002,-3.6409134093369975
-1.0,-0.9681241340401696,-1.0,-0.7696152433335852,-0.7301687822666506,0.39729059795897026,-4.371424845734968
-0.45540362233148507,-0.7581166919195108,-1.0,0.9589882836860132,-1.0,-1.0,-1.0854344116366554
0.1693978645297341,-0.5234792498637711,-0.701277309218315,0.0013161796595187736,0.008354343742004167,-0.938686947005311,2.0140865985702603
0.7281999819830558,-0.9473867940407186,-0.6033745525040677,0.3634149786365377,0.5505023981421061,-0.6721014475461324,-1.8169587200929844
0.7883951743845636,1.0,-0.5744327232596034,1.0,0.4112446620091678,0.947809932277666,2.3147075073515886
-0.24614695572772494,-1.0,-0.9721643910292892,-1.0,-0.14261322734070503,-0.655052561512548,-1.8584614971058553
0.2139163257255746,-0.29205939668180814,0.7590001838060564,-0.516874101184769,-0.6270937973456637,1.0,1.1367467572957723
0.8932840532246151,0.21223865434456096,-0.48103457836853203,1.0,-1.0,-1.0,7.229080944276708
-0.7356836767493252,0.06221918269091431,-0.4811916619054307,-0.38825515456530035,0.562398209905721,0.2937207123803492,0.637137357593064
-0.7460702457882755,1.0,-0.1415105261645623,0.4821318747013482,0.9558365581781892,0.16443591721102768,3.7299942064241054
1.0,1.0,1.0,0.2830183543654301,0.03174333310607835,-1.0,1.0974588044619467
-0.17566085727002623,-1.0,-1.0,-1.0,1.0,1.0,-1.1773474625874647
1.0,0.9608140057446253,0.49950396402333475,1.0,0.4485453405924757,0.17823442000791717,-3.4827144313015936
0.8405880902431635,-0.7499884972103275,0.7418918509372642,-0.30342435851087934,0.8739579293801084,0.7269897811082364,-4.367965704784028
-0.5345926570666394,0.24287244483112802,-0.6514456954026104,-0.2359209331147074,-0.9364376750999381,-0.23627110862121037,-1.9837643904368043
-0.0952256568997858,-0.033963808790145156,-1.0,-0.24343113751523449,0.6871771876968662,0.6266268908771533,2.12312572137414
0.6266371343147985,-0.7441805362058393,0.01950812552377157,-0.269826052385852,-0.027350034738500506,-1.0,5.303299647676084
-0.22602229202684931,-1.0,-1.0,-0.6161427875677716,-0.002813303592746119,-0.33448669134718945,-2.6506047206147234
0.4004724992555135,1.0,-0.6672281245518349,0.5506433481368195,1.0,0.6091773454903179,2.3920674560591078
0.7325568942389437,0.5375647625593125,0.245366500067073,1.0,-1.0,-0.9666733294093812,8.526665907885622
0.9151179879421498,0.10911628727840317,-0.699643604920116,0.2545415009067278,-0.03438482284694255,-1.0,2.9272224232355426
-0.08927675163837845,0.41952670230180295,-0.7213366902297109,-1.0,-0.039166992254845656,1.0,5.728112865690514
0.5244986758392578,-0.2979862898975729,1.0,1.0,0.13077220585024274,0.10206783341011832,-1.738160325099699
-1.0,0.45749441813377534,0.1420737813941811,-0.10380956148212521,-1.0,0.18410630066193062,-3.306027535026941
1.0,1.0,1.0,0.8575738406233817,0.12315608308760606,1.0,-5.418753007724941
0.2825231818724844,-0.6611821218825262,-1.0,-0.09819970500578681,0.9048331133898537,1.0,3.460927140138779
1.0,0.3035389870868276,1.0,0.1508301947077741,-0.14907491765370406,0.21849118248358773,0.7009525972865851
0.1115531164850414,-1.0,-0.32429655280606173,-0.882047562169735,1.0,-1.0,5.430724366737808
-0.8498328048426274,0.6514745089447107,-0.18842885364691114,0.6971219422524902,-0.6573462629734268,-1.0,1.3889391468872774
0.32190894450226226,0.3233047572016755,-0.6519063095624689,1.0,0.10305033491582494,0.33504876594569144,0.11119464880271701
-0.0701725085707623,-1.0,-0.8385301262425189,-1.0,-0.3396143456309273,-0.49867449805126285,-0.8493127256794819
-0.5008054535652929,-0.45898530295404727,0.11105824420240742,1.0,-1.0,-0.4955344899766805,0.6305494512971198
-0.45560017879453385,1.0,0.775331155438198,0.25829788959936895,-0.2600910044401771,-1.0,0.0268987216482775
0.13787310042862572,-0.19346748154889748,0.12060744802025881,0.814207260382708,0.08612692668951416,0.9873997060717181,1.700619955193546
-0.6315754497679069,-1.0,-0.9822504449182038,-0.16707107528929943,-0.14347220322650645,-0.43850757497245413,-2.353435634856095
0.0646127496450355,1.0,0.09003926899759618,0.6777522396242379,-1.0,-0.5154493497106127,1.7513021962280184
-0.6486813673400657,0.10944302710791379,-0.5144325790930471,-0.7095236275927113,-0.25075445843482075,1.0,4.433884227161339
-0.11868263492158114,-0.41808376411271353,-0.886925850171187,-0.4360217374524033,0.8754979847938935,0.4485231035853079,-0.09814204763247258
-0.07205822829723352,0.05402369330614187,0.06756865805360764,-0.3705335700589185,-1.0,-0.5920551129383511,0.9133917780816825
-1.0,0.5090270023328665,-0.7776418635161559,-0.9259520897812514,-0.6132656185547379,1.0,5.690229775203436
-0.09796739932463226,1.0,-0.17335027414178142,-1.0,-1.0,-1.0,2.7145443826421904
1.0,1.0,-0.264982389368587,0.25546548292193627,0.388138570910974,1.0,3.0163295948672513
0.3383003150028414,0.3133595581702897,1.0,0.2092235320623909,0.8467213840924426,-1.0,-0.12535017995898629
-0.7971113274666863,-0.9016508324287849,0.5518689305127877,1.0,-1.0,0.4342884856187058,-0.22169552751616106
-1.0,-0.07472629154823411,-0.10268439821283262,-1.0,-1.0,0.05184438068208452,0.11168876783182857
-0.2574993023407724,-0.374911267191768,-0.14079085965646693,0.12995503244163775,0.6320626146802558,-0.08555703598302844,0.25099509754077365
0.19524957549316724,1.0,1.0,0.5805849240740241,0.3222000971648329,1.0,-3.782232710974188
-0.7792026776731327,-0.6686481724004173,0.9248173159072822,0.007672482084707832,0.21940026144142216,-0.9400593572236557,3.790902385111943
1.0,1.0,0.48579387720111455,0.17386280675541843,-0.34544573273311785,-1.0,4.934699579408538
0.1719138087410525,-0.12500549954733778,0.1341325840100206,1.0,-0.29749656225057675,-1.0,3.4295166090546325
0.059019649066941515,0.3448017211782095,0.4923587812242766,0.32585947778033286,-0.4169994777034438,-1.0,2.1319588475427924
-0.7822758016637666,-0.4271118978910651,-1.0,0.05214934674857047,-1.0,-0.6429782657251326,-1.747348298343004
0.6678523096539994,0.14793723234269857,1.0,-0.852280237356047,-0.7123236402605493,-1.0,3.132332921329553
-1.0,0.011194984536902708,0.26563747935919324,0.1695080794760043,-0.25991453324299385,-0.05491072343283701,-0.4843141862511701
-0.8867038725154253,-0.6322462722763069,0.019449847292928202,-1.0,-1.0,-0.9034002493504919,3.437330299182549
0.18413751722471294,0.7034168601086038,1.0,-0.32338741597962606,-0.3829316589456928,-1.0,0.5815982168343865
-0.44384075613045293,-0.6729051658569503,-1.0,-0.4302943927391693,0.25606351613260503,1.0,4.338594114415908
0.11982847262748114,0.7085987703722045,0.5848488991798659,-0.22259315162155702,0.48050092526080945,0.19348037107531968,-1.1599335567551845
0.11487322883507389,-0.7457397857516211,-1.0,-1.0,-0.32421780961724433,1.0,2.207498158845645
-0.2759006795227348,0.9267085846047842,0.40594762951691976,-0.07748393040000093,0.5487066506750338,0.3588786978248494,0.05930256747948617
1.0,0.060830140826991896,0.35155386579240855,0.5571481316969206,-0.5925740937887485,-1.0,7.734999895841692
-0.3260871897154122,-0.7424211480166008,-0.749418180477887,-1.0,0.9476797768236151,0.552843941439644,-0.15184134313465525
-0.46877415023536395,-1.0,-0.6752766397211974,0.25385221973702893,0.9051045279377896,-1.0,1.6037898364286127
0.60219145772058,-0.8126389857762703,-0.4424558622399777,-0.368770327702494,-0.35643749118367574,-0.010429093444080384,-0.743393447993809
0.7087330730583379,0.5127738178658945,0.8982179222493039,-0.48376286394919304,0.8742235089982102,1.0,-1.4619347198521766
0.7983297316778868,1.0,1.0,0.37632778110793375,-1.0,-1.0,2.672024315743262
1.0,1.0,0.2389808783896088,0.010612054836575124,1.0,1.0,1.0902704032137738
-1.0,-0.3541232818628499,-0.9843199715624934,-0.018005945922308975,-0.5579142493087808,-0.07439428713738416,-3.2490167188903984
-1.0,-1.0,-1.0,0.17015232721417628,-0.6833496686555032,-0.22949147599493153,-4.2717538100254036
1.0,1.0,0.4516401073148615,1.0,0.20258828791805225,1.0,-0.6971938316404223
0.7878227834537666,0.33216701170054774,0.37144242331056354,-0.338539361037931,-0.17074134030288127,0.04719588726082902,0.34903262632929677
-0.7524575802866653,-1.0,0.35515558182729584,0.005385728335299378,-1.0,-0.6437922156783764,1.3506847169132652
0.019808279047530908,-0.45174057615782537,-1.0,-1.0,-0.29525586045174046,0.7336777758821511,1.3554462885785847
0.6819365247463005,0.8114341516506633,1.0,0.7729513504428756,-1.0,0.2625714005070725,0.5498823055438619
-0.026160749236852854,-0.42016573580406047,-0.2260718334492745,-1.0,0.24728039332595692,0.22598612495688244,-0.1426537226203953
0.21468803475209597,-0.9248388596776725,0.05664912258989124,-0.12899340983561186,1.0,1.0,2.436836776395007
0.9820367965320871,0.37235771691800457,1.0,1.0,-1.0,1.0,2.4114172928353894
0.31308855226175514,0.27376226915663365,1.0,0.6011875703395335,-0.5042599434495649,-0.5802389249766549,1.3824151557070423
-1.0,-1.0,-1.0,-1.0,0.7335485982516806,-0.3584267689111446,-5.835951281734288
-0.21363931092611932,-1.0,0.6613743590868839,-1.0,-0.6590207472883237,-1.0,7.612191605495739
-1.0,-0.1669563519986519,-0.2571802021861689,-1.0,-1.0,0.5271539962289125,-0.374557916040156
0.612466213873164,0.8015236487111312,-0.4836171068293708,0.09149632065739344,0.006334109538665977,1.0,5.407109153358464
0.36609509265789336,0.36821061157484825,1.0,-0.32685538485515764,0.9120860726751787,-1.0,-1.0648965215059276
-0.7236252388264531,1.0,0.027265947365122556,0.18344634223931044,-0.6477301767074938,-1.0,-0.023648134332151113
-1.0,-0.1295417136880062,-0.47759567409992376,-1.0,0.10892654033081656,0.8535142949024908,1.7556193889424618
-0.8383841037074349,-0.8892143006905457,-1.0,-0.18366785074223663,-0.5258574587980722,-0.46278221405220477,-2.6806452020717404
0.3781443671262034,0.43839243231349356,1.0,0.8178229660348882,0.32099274647514486,-0.45635836551245357,-0.3490847415462777
0.6399634534217683,-0.24527947304618625,-0.08995283968722212,-0.9628148231975264,0.6756911142223352,0.8513610574029873,0.7349810317622527
-0.24367514129055823,-1.0,-1.0,-0.002642255996099019,1.0,0.7508146954490746,0.8808045103347828
-0.398024165033556,-0.07862481822856131,0.08433297637958159,-0.7446122699163868,-0.6242774471431063,-0.7859403640197586,1.4573445871733752
-1.0,-1.0,0.2414863560316894,-1.0,-1.0,-0.26090701936136496,4.792945232599199
-0.4537887088514154,0.026636328143924914,-0.9784071454838683,0.13969084883879657,-0.43314250641531427,-0.43314846412004493,-1.0701888551920684
-1.0,-1.0,-0.8935334842074638,-1.0,1.0,0.22528082942366412,-5.8355780146473375
-0.25938711169619716,0.881462114216691,1.0,0.062360898841032686,0.10633684558579676,0.5368029967497616,-2.2334842013162812
1.0,1.0,1.0,1.0,0.03524059488523973,-1.0,1.9312727307154718
0.25401866129738127,0.8043685636525615,-1.0,-0.46998836257241294,1.0,-0.09263070152938618,0.2324138901377537
-0.3886831203458013,-1.0,-0.7139682925552885,-1.0,0.12827163385104146,0.4451227956332158,-3.67834519754109
-0.25086432550027615,0.6209267177183719,-0.34646836904076345,-0.2746088988132094,0.9997815268157602,0.19482083068881706,1.5425915728419257
0.8808499540442085,0.230628308292274,0.34282497223810515,1.0,0.7898765899814465,0.48509849214076284,-1.810760278114196
1.0,1.0,0.5812056530512804,-1.0,-0.4114714388165126,-0.21280176231399178,2.5183415590774567
-0.5587836701228963,-0.43839466734016797,-1.0,-1.0,-0.7704315248572315,-0.9402570911126396,2.765412500975497
-1.0,-0.3090098217571722,-0.2613123712566726,0.07582023997383891,-0.5386883331226159,-0.03150932060482936,-1.971003584386666
1.0,1.0,1.0,-0.42556371960989003,0.6474575444444723,-0.49039195791292534,-3.422964222573251
-1.0,0.8128721589980802,-0.18492699815933278,-0.0518260063014315,-0.9123315539101644,-1.0,-2.3541744658802757
-1.0,-0.6079229026918809,-0.5557245098985504,-1.0,-0.14484931460431816,-0.8255556749496418,2.828365206545085
-1.0,-0.46372247380258824,-0.25365899879364817,-1.0,0.06336063752604626,0.9287297969473768,0.26617356140437276
-1.0,-0.8842035089645336,-0.26454903577053673,-0.011921887837976486,-0.20733453863471674,-0.9953665545691384,2.6180633877812394
-0.01643252442044406,-0.4030132792912774,0.3937751404678033,-0.820515941174645,0.9313349882001987,0.2981751933840824,0.8797750463559694
0.6413355007306354,0.023229183645315343,1.0,0.3907669898658366,0.6411662542754555,0.36043572045525396,-1.4011079256471173
-0.19397612256068952,-0.6995841548622725,-0.7503613135978531,-0.5128545672784754,-0.8122889662643352,0.92987649037645,3.8997186748586214
-1.0,-0.6687756310110609,-0.7631135567687823,-1.0,-0.0705640506116495,-1.0,3.9591300354546073
-0.17766143580010985,-1.0,-0.5655419399361001,-0.9257294092152523,1.0,-0.4480524749697734,0.018957033979069726
1.0,-0.3237649665211314,0.1914970751534837,1.0,0.04976082190660895,-0.7430091627928079,2.404259981179117
-0.4150530405934969,-0.7785668279198884,-1.0,0.007884392944499719,-1.0,-0.5557616591295611,-2.4098497237298306
1.0,1.0,1.0,0.6032798992033226,1.0,1.0,-7.709254875976
-1.0,-1.0,-0.4666490181325903,-0.20751912616111423,-0.22284145831119725,-0.14375469809262253,-2.838116816187948
1.0,-0.051988687063236894,0.8836130055077851,1.0,-0.45043442208152445,0.8164617476512366,0.5428778335135798
1.0,-0.21981185916774215,0.6898257965337499,1.0,-0.6168771423540927,0.33358972005777876,1.7058288235761216
-1.0,0.23146663612383767,-0.2624868565114337,-0.8281892262769175,-0.19007622154396253,-1.0,1.8417941282827688
-0.10751202583605479,0.17723212080177791,0.7604530068764328,0.45643495186117544,0.16394501386439986,-1.0,2.672165746706781
1.0,-0.2169378864466293,0.5145054896395009,0.6336997393068567,-0.8406064443504617,-1.0,8.739354537311462
-0.1614950593613016,-1.0,0.8633965129319775,-0.30459608015528067,-1.0,-1.0,5.653464642057014
-0.9315231772616273,0.6296243455038697,0.08639301907248964,0.7804973057382961,-0.3114217480876105,-0.7895958539253469,0.8322598546308444
-1.0,-0.41712331230311894,-1.0,-1.0,-1.0,-1.0,3.000269936337577
1.0,0.5466647124653807,0.901831043171567,0.42566133429484565,0.047936854565534315,1.0,-1.8096615338978668
-1.0,-1.0,-0.6887261866964495,0.0925152266227719,0.12155535891841596,-0.38513025193752926,-1.978981746763589
-0.2173397538428078,-0.4304251823908469,0.4656879227250813,0.4155360127735809,0.036562207264655866,0.7901850228480893,0.38821426891332184
-1.0,-1.0,-0.4393499674524277,-1.0,-0.841714559263729,-1.0,4.495871632005103
0.41342999567757444,0.09432246747856565,-0.04729455907048963,0.9999185888538324,0.0017005793618198872,1.0,2.6834572136866277
-0.5388694643751883,-1.0,-1.0,-0.9901321239232128,0.41514952005837,0.40150938742231645,-6.323045262400541
0.004511477193988922,1.0,0.9813992611522349,1.0,0.14029181857466377,-0.42204957866542225,-2.5600774780438957
-0.7955734624917844,-0.7270297443823173,-1.0,-1.0,0.4437621407430333,-0.44113669930962207,-1.5748472629423897
-0.5956823548337479,0.13432983162159395,-0.8866929883725436,0.9697826518473798,1.0,0.4061727116631588,0.8041625653137319
1.0,-0.5344697053028304,1.0,0.7319317427153186,-1.0,-0.2280225520233038,7.048415301359373
-0.2568578782493599,-0.5926989451729887,0.834386115641403,1.0,0.29705854611135396,1.0,1.0982629430102713
-1.0,-0.21968243912344043,0.6772510806468157,-0.6412362363703379,1.0,-0.4262558195438735,2.9089777196318067
-1.0,-0.1426558760227233,-0.144798931813795,-1.0,1.0,1.0,6.824082963545126
-0.9372265725874223,-0.9027273548006121,-1.0,-0.5748884850683413,1.0,0.6427307774882675,-2.9557464624064727
0.09834810993120104,-0.5000694598858904,0.10184165026668685,-0.7286303359205988,-1.0,-0.33392142789546775,2.4237540833871694
-0.19812955883050687,-0.34608402128903193,-0.02108632281310499,-0.6643646826291276,0.5573133765077316,-1.0,4.096865714835813
1.0,-0.22388932595426908,1.0,0.028944376468329147,-0.539877032076251,0.04624092756697462,2.4243467812483246
0.6818430676837901,-0.4308016836201235,1.0,-0.8161416631234791,-0.47059123316590423,1.0,-1.062507147324387
-0.9235816149133158,-0.628079248715061,-1.0,-1.0,-1.0,-1.0,4.07032686631443
0.2850612277943858,-0.34803759923378086,-0.06820356012089046,-0.5675580398102102,1.0,1.0,1.7261052096986285
-0.06782635005585452,0.3313628597485949,-0.28315162493909574,0.15492459362222089,0.2817473162992167,1.0,4.172967196459432
-0.9690676719180719,-0.7885391889775757,-0.44527552865784137,-0.500850123171495,0.877854148669728,1.0,4.151626973075559
-0.5683602006686276,-0.789916720212351,-1.0,-1.0,-1.0,-0.17835187365681382,-0.3107252774248571
0.4730166836848133,-0.508723473289782,0.6195733949642065,0.4156840263127085,0.6262994935287877,0.43761610814013646,-1.56254636680184
1.0,1.0,1.0,-0.11675260073276594,-0.9003915473000614,-0.6223397177268837,1.6722018250056159
0.40914203009957684,1.0,1.0,0.38775251940790656,0.4720075482078696,1.0,-4.312559968499847
0.14741184252100092,0.38978025649575043,-0.5021810682833531,1.0,-0.4194173806612706,0.6728706420413956,1.479834852441877
0.07537959761324778,-0.20642620737151987,0.870609124065959,-1.0,-0.3043668419965295,-1.0,2.3998783139994857
-1.0,-1.0,0.07310617008719403,-0.41338419535499993,0.5460455048150058,1.0,0.5662289367269235
-0.9306744084471821,-1.0,-0.09571343147949496,-1.0,0.12071268090382459,1.0,-2.164291046877576
1.0,0.5010901694798233,1.0,0.7101775209730834,-0.7546384200063747,-0.15302554064513177,3.8021786355315137
1.0,-1.0,-0.5399745271948908,-0.10585167165090359,-0.47774620172905824,0.9644318166311896,2.497957654585742
-0.7135574416366218,0.4433909040201377,0.12877962030081336,-0.47150880760574465,0.21027880667986443,-0.6268015397368087,0.9948501160241783
-0.41685032001427,-0.9131732094849594,-1.0,-0.5072843568597658,-0.037786631780299076,1.0,2.3587823753036314
1.0,1.0,0.2843601762405993,0.7743971977280559,-0.627917213926905,0.8796871696814881,4.835854004723583
-1.0,-1.0,-0.23832917904839102,-1.0,0.10894422523490799,-1.0,4.749923290444723
-0.810972969922721,-1.0,0.013278727672489402,-1.0,0.30513162510153163,-0.08701865975225176,-0.8018891175566228
-0.5961343779913094,0.24038490399314638,0.37631879428199205,-0.8362764664529024,-0.8120660727362906,0.563721414483896,-0.5519374504666326
0.35356563651194545,1.0,1.0,-0.3398584326392397,1.0,-0.824611935998538,-1.8407086198741647
0.8997381279750547,-0.14545601979618472,-0.2411741305125995,0.7384016453699834,0.9742518051208371,1.0,2.030959402703035
-1.0,-0.43555815653758057,-0.5809420688042359,0.18561975365560524,-0.5160786219831306,0.05846015079971614,-1.3295387896043978
1.0,1.0,0.4222265435513308,1.0,0.3502413757901608,0.8501496108460193,-2.630416396439104
0.11351018698431137,-1.0,0.42369841517888185,0.591782992063004,1.0,1.0,2.980228639552391
-0.7444705292920741,-1.0,-1.0,-0.6456059220172194,-0.7279368140744926,-1.0,2.7077866351709683
-0.03690170065552534,-0.306077093761406,-0.7222244541448374,-0.6241409014498082,-0.027798584190655007,-0.43963617736281346,-0.10589420188323768
-0.08499929802195377,0.228288822654779,-0.17452901498608664,-1.0,-1.0,-0.408848823771647,1.9951730932160336
-1.0,-0.5659933551508975,0.9578360133150233,-0.8582103585084392,0.13834768879704806,-0.27265201177916165,0.5271396658087357
-1.0,-1.0,-1.0,0.17885525410586955,0.36072683975111774,1.0,3.725761169194685
0.7444344570663838,0.17912701248362595,0.2373548398798982,0.79831822905331,0.7343618226823132,-0.033272525623395444,-1.661644746231474
-0.0010046184066836439,0.8368639941654438,0.3590882952230843,1.0,-0.79872642731955,1.0,2.3912978372414
-1.0,-1.0,-0.45763833003044485,1.0,-0.49183078317997103,-0.2981602401386132,-4.469644595937968
-1.0,-1.0,-0.03943294825834953,-1.0,1.0,1.0,1.0964234444607568
-0.9828002457032712,-0.6589051117424403,-1.0,-1.0,0.9235774260628327,0.37748786414053126,-2.7767415390054495
0.12613468577890397,-1.0,-0.6893924042019852,-1.0,-0.6341744274781689,-0.10336035798404886,0.9049164859616596
-0.5451510395400021,0.8802901290280754,0.11740145834410587,0.9695702748288062,0.16621839325592386,-1.0,2.5924896470265777
-1.0,-0.492692529426238,-0.9393253994560229,-1.0,-0.9283656952377057,-0.9865990885097118,4.185423957166451
0.2537847818839291,-1.0,1.0,-1.0,1.0,1.0,-4.936625648988583
-0.6175206917189986,-0.03971974419428907,-1.0,0.6671143519292674,-0.00736424919406572,0.4885916656984469,1.7791833936501544
0.6840797059242409,-0.41504460216256694,0.551917179081823,1.0,0.20628017413369704,0.9514889480345077,0.9753489101667037
0.9603190309745018,-0.6162635731365305,-0.4142265349309881,-0.09867690790490813,-1.0,-1.0,6.309822174055325
0.612775066290276,-0.19363229839186835,0.6383710605909195,0.6635267111243892,1.0,-0.7651615941413361,-0.023529145875518465
-1.0,0.5890910283377939,-1.0,-1.0,1.0,0.8128461042473616,8.19950907041825
0.24134789970188628,0.7250339679963077,-1.0,1.0,0.44208107462867763,-0.08807533773400666,-1.16355095845994
1.0,0.059105565361837364,-0.6702476993866976,1.0,-0.25313065750141006,-0.6204514217031004,1.7610781370940904
-1.0,-0.7472352538615624,-0.18700488765530088,0.4637801120292364,0.12343549305441737,-0.9849114913976226,2.811930528468842
-0.2508946883107426,1.0,1.0,1.0,0.6315541667803404,0.39093666863954424,-7.040269922836542
-1.0,-0.926683529808128,0.8900163564061303,-1.0,1.0,-0.6432259350656901,4.823048630085261
0.6813017203446705,0.48376457174495946,1.0,0.3788680833362468,-0.3655823268768881,-0.5612797102239521,1.02770768053826
-1.0,-0.5865552915285395,-0.6379963164606244,-1.0,0.6510326940134734,0.5279670104794125,-0.3588163699828605
-0.7963761469132483,-0.152942650574994,0.34613642296453995,-0.1183860845461927,0.5367646060457733,-0.29404560794212786,1.3367105772359302
0.7624731999858381,1.0,1.0,0.6074845370340325,1.0,0.1292829095554403,-6.108847133536113
-0.27404546832385773,0.6569572624453829,-1.0,0.17613603360205984,0.1473381520071665,-1.0,4.2955889830611
-0.29692829981651947,0.29714387029677863,0.104254680598135,0.8385385824942906,-0.7070790265070059,-0.48541706776582155,0.5101774142186104
-0.1249236475633842,0.8910010553531653,0.7134769867578968,1.0,-1.0,-0.3631151945357671,0.1655962266392373
1.0,0.1052116180825109,-0.18054191722695231,-0.5632053055222752,0.8790449235031854,0.641817109541352,-0.7643436662704342
-0.9466062188800604,-1.0,0.33662883347255856,-1.0,1.0,0.3963765898686634,1.447529660994666
-0.43426310629042564,0.5729581238559655,0.12376755632388103,-0.0304627677615818,-1.0,1.0,1.6428432420865366
0.7302045834067574,1.0,0.7535511166244214,0.10217728245395763,1.0,0.11401155041302037,-3.915629054335247
-1.0,-0.3297465278994922,-1.0,-0.9548532850579871,-0.3536327321212931,-1.0,5.297632886048598
0.08123918111262984,-0.3195642252829555,-0.42995799374169624,0.4050398922025604,1.0,0.509508891651651,0.6984279444141086
1.0,0.3981194611570493,0.27471278376281094,0.6070198810884455,-0.0594028900799768,-0.9848927790663877,5.422525488493431
-1.0,-1.0,-0.6121430746914807,-0.04393676102221855,0.9466171110617764,1.0,3.728880798759832
-0.7061974139773107,-0.7763505520182634,0.3909635618381863,-0.0592342504695027,-0.7914768246818727,-1.0,1.3065364238454742
0.28704392118900596,0.2844824698207733,-0.3134419960050806,0.8381387098961125,-1.0,-0.9040140930500015,2.427909952369702
1.0,1.0,0.5118216012452058,-0.015515598069619552,1.0,0.49238820586190046,-2.4464930099476474
0.5206525641512051,-0.14114001608791585,-0.37706814818044826,-0.0461506902969443,-0.9605188660813085,-0.208007589939598,1.2688641802923457
-1.0,-1.0,-1.0,-1.0,0.5493562513354503,-0.4049613677357875,-5.187283370111983
0.7463153344978348,0.9121129925128701,0.6016370766944044,1.0,0.28721686572633237,0.3637732630861191,-2.8182712315237435
0.5231760195524889,0.16096691266594587,-0.3997328304997708,-0.28506671598594246,-0.991107024567491,0.40129443726899333,1.8537097314188187
-1.0,-0.3001921235252013,0.6895514607636074,0.18504110381241182,0.37174394348537376,1.0,-1.0642387401378284
-0.22312649861714706,-0.20069911867958906,-0.49833233921524767,-1.0,-0.7777357098560449,-0.42115921364493514,1.059097386792562
-0.15848813800096329,0.9324026519317626,-0.46224087063051533,1.0,0.26898322264856495,0.4998833356599227,-0.09307346903240366
-1.0,-0.2901300743958699,-1.0,-1.0,0.09450038494881485,-0.17625105892691478,-3.2056703386998544
-0.4374784472953479,-0.23810505008889082,-0.05800440243553684,-1.0,1.0,1.0,4.552615906904758
-0.6173060149904211,-0.4485041784472289,-1.0,0.08505552045051645,-0.31000673281401203,-0.5976703726893897,0.9442269624507765
-1.0,-1.0,0.44674766010216005,-0.4883483309579115,-0.10025426773968521,0.5582395001714362,-1.5847484803073266
1.0,0.22730028485657172,1.0,0.6581937218561269,-0.6563034099958288,-0.14856203853262256,4.060181614976371
-1.0,-0.8222338285199287,-1.0,-0.9964697268254794,0.4152361264127822,0.3951553763978074,-6.340445614754946
1.0,0.15993272022818594,0.5827007612128858,0.488053912768613,0.5386234332251055,0.7852838922227265,-1.804414475456011
-0.40400834454112733,0.5457728663340389,-1.0,-1.0,-0.4420395932757002,-1.0,0.8515883500918774
0.8136021446093065,0.6599690971420339,1.0,1.0,1.0,1.0,-6.817920638947008
-0.8415970311671915,-0.4677891193551892,-0.8021660137400286,-1.0,-0.6691040445157197,0.4153933176254345,-0.9191612951038299
-0.07360818385178172,-1.0,-0.5563770279190783,-0.2508212216624841,-1.0,-0.10516990968317019,0.302923434825995
-0.5306549769812312,0.10288799110945579,0.3355662357160187,0.11309164427655172,-0.11432104687036682,0.8714851714885505,0.8494790778858392
0.3208715716765651,0.4825252726917619,-0.008027832017246439,-1.0,-1.0,-1.0,3.792705042251076
1.0,1.0,0.6264012287732215,0.218027907831426,1.0,1.0,-2.504606852512546
-0.4458514998715961,-0.6255889652409223,1.0,-0.6913185269105715,0.6968580182869499,1.0,-3.417654000199317
-1.0,-1.0,-1.0,-0.3160629996350379,-0.23009472093839223,0.5263938836577663,-3.4096112126223046
1.0,0.33030544524444755,0.9322837808617639,0.656634586966085,0.49675409350876665,0.6078855990121568,-3.749770121895977
0.5543129748606113,0.31786732440773835,0.7909464629095124,1.0,-0.8851730021656949,0.6570929272134681,1.2728015115277165
0.434653866527113,-0.9468007032093991,0.23711444554736777,0.1217002867346676,-0.6782609590961712,0.4271989493009729,0.6455938375622636
0.8166180321536579,0.9014566478847812,1.0,1.0,0.22239718620380766,-0.06500180835581695,-2.930394305625815
-0.7252219215874367,-1.0,-0.4935366637710453,-1.0,-0.6038494975425999,-0.8371971969886924,1.9449052940264515
1.0,0.05557851381667844,0.19832345295040688,1.0,-0.1282579792227485,-1.0,6.23874645989246
